2013 area unit name,WGS84 longitude of a sample point in the area unit,WGS84 latitude of sample point
Atawhai,173.3209,-41.26386
Atawhai,173.31814,-41.26434
Atawhai,173.32623,-41.24659
Atawhai,173.33392,-41.25571
Atawhai,173.2998,-41.25785
Atawhai,173.32802,-41.26154
Atawhai,173.31365,-41.25298
Atawhai,173.32211,-41.23748
Atawhai,173.32351,-41.2511
Atawhai,173.31815,-41.24774
Atawhai,173.33218,-41.25688
Atawhai,173.32534,-41.24125
Atawhai,173.33284,-41.2568
Atawhai,173.31869,-41.23791
Atawhai,173.33726,-41.24825
Atawhai,173.332,-41.25165
Atawhai,173.32847,-41.24858
Atawhai,173.33768,-41.24575
Atawhai,173.311,-41.25604
Atawhai,173.30426,-41.25371
Atawhai,173.32587,-41.24465
Atawhai,173.33692,-41.248
Atawhai,173.3352,-41.24542
Atawhai,173.32237,-41.23498
Atawhai,173.32055,-41.246
Atawhai,173.32801,-41.25062
Atawhai,173.3035,-41.25477
Atawhai,173.32944,-41.25935
Atawhai,173.32887,-41.24529
Atawhai,173.31668,-41.25653
Atawhai,173.32926,-41.23979
Atawhai,173.32496,-41.25668
Atawhai,173.3016,-41.2592
Atawhai,173.3314,-41.25713
Atawhai,173.29892,-41.26391
Atawhai,173.31704,-41.2393
Atawhai,173.30021,-41.26435
Atawhai,173.31228,-41.2581
Atawhai,173.31792,-41.23739
Atawhai,173.32089,-41.25537
Atawhai,173.32096,-41.26513
Atawhai,173.32947,-41.24771
Atawhai,173.32038,-41.26211
Atawhai,173.31806,-41.26624
Atawhai,173.33178,-41.25766
Atawhai,173.31591,-41.2519
Atawhai,173.31889,-41.23541
Atawhai,173.3223,-41.25354
Atawhai,173.33785,-41.24921
Atawhai,173.32577,-41.26184
Atawhai,173.33308,-41.25589
Atawhai,173.31986,-41.2661
Atawhai,173.30819,-41.25352
Atawhai,173.33175,-41.25751
Atawhai,173.3259,-41.25573
Atawhai,173.31879,-41.25261
Atawhai,173.31816,-41.23575
Atawhai,173.33536,-41.2497
Atawhai,173.3175,-41.25979
Atawhai,173.33004,-41.26049
Atawhai,173.3252,-41.24771
Atawhai,173.33044,-41.25376
Atawhai,173.3307,-41.2552
Atawhai,173.32318,-41.25641
Atawhai,173.33348,-41.24127
Atawhai,173.31936,-41.26174
Atawhai,173.3208,-41.23679
Atawhai,173.32459,-41.23551
Atawhai,173.30937,-41.26279
Atawhai,173.29508,-41.26022
Atawhai,173.31146,-41.25798
Atawhai,173.31125,-41.25656
Atawhai,173.31682,-41.24582
Atawhai,173.30963,-41.2569
Atawhai,173.33279,-41.25358
Atawhai,173.33496,-41.25432
Atawhai,173.33351,-41.25521
Atawhai,173.32333,-41.25114
Atawhai,173.30577,-41.26133
Atawhai,173.33619,-41.24858
Atawhai,173.32083,-41.25243
Atawhai,173.3021,-41.26133
Atawhai,173.32175,-41.24747
Atawhai,173.32035,-41.26281
Atawhai,173.32753,-41.24161
Atawhai,173.29996,-41.26299
Atawhai,173.32598,-41.24966
Atawhai,173.32734,-41.25085
Atawhai,173.30518,-41.25804
Atawhai,173.32627,-41.25476
Atawhai,173.32172,-41.23733
Atawhai,173.30367,-41.25937
Atawhai,173.3195,-41.24959
Atawhai,173.31517,-41.25852
Atawhai,173.31593,-41.26617
Atawhai,173.32912,-41.24623
Atawhai,173.31881,-41.26633
Atawhai,173.31665,-41.24319
Atawhai,173.30221,-41.25559
Atawhai,173.32462,-41.23969
Atmore,173.31243,-41.2826
Atmore,173.3112,-41.28549
Atmore,173.29134,-41.28137
Atmore,173.30563,-41.28161
Atmore,173.30067,-41.281
Atmore,173.31712,-41.2902
Atmore,173.31881,-41.28663
Atmore,173.30941,-41.27572
Atmore,173.32452,-41.28689
Atmore,173.29444,-41.28564
Atmore,173.31948,-41.28836
Atmore,173.3195,-41.28945
Atmore,173.31591,-41.28315
Atmore,173.30433,-41.27903
Atmore,173.32212,-41.29119
Atmore,173.32474,-41.28337
Atmore,173.32269,-41.2781
Atmore,173.30551,-41.28654
Atmore,173.32414,-41.28523
Atmore,173.32225,-41.28989
Atmore,173.32771,-41.27727
Atmore,173.30355,-41.28286
Atmore,173.2965,-41.28946
Atmore,173.29512,-41.2804
Atmore,173.31632,-41.28127
Atmore,173.32827,-41.28185
Atmore,173.30625,-41.28326
Atmore,173.32364,-41.28508
Atmore,173.32245,-41.28138
Atmore,173.31609,-41.28375
Atmore,173.29546,-41.2829
Atmore,173.29583,-41.28084
Atmore,173.30366,-41.29041
Atmore,173.3202,-41.28938
Atmore,173.31942,-41.28256
Atmore,173.31221,-41.28123
Atmore,173.31056,-41.27285
Atmore,173.30926,-41.27532
Atmore,173.29543,-41.28439
Atmore,173.30959,-41.29179
Atmore,173.32283,-41.28231
Atmore,173.30467,-41.28818
Atmore,173.30035,-41.28649
Atmore,173.31466,-41.27407
Atmore,173.30419,-41.28189
Atmore,173.30747,-41.29243
Atmore,173.30245,-41.28394
Atmore,173.29946,-41.28915
Atmore,173.30362,-41.29048
Atmore,173.30764,-41.27505
Atmore,173.3079,-41.2716
Atmore,173.29179,-41.28108
Atmore,173.32195,-41.28369
Atmore,173.31936,-41.27998
Atmore,173.29319,-41.29041
Atmore,173.32429,-41.27793
Atmore,173.32374,-41.28621
Atmore,173.31592,-41.2849
Atmore,173.30189,-41.2777
Atmore,173.29651,-41.28977
Atmore,173.3251,-41.28689
Atmore,173.31698,-41.27442
Atmore,173.29489,-41.28751
Atmore,173.30847,-41.27698
Atmore,173.29759,-41.29
Atmore,173.29503,-41.28462
Atmore,173.30987,-41.27264
Atmore,173.32818,-41.27954
Atmore,173.30984,-41.28921
Atmore,173.29455,-41.28306
Atmore,173.29456,-41.2877
Atmore,173.31423,-41.28518
Atmore,173.31913,-41.28344
Atmore,173.29484,-41.28889
Atmore,173.29216,-41.28105
Atmore,173.2997,-41.28057
Atmore,173.31802,-41.28747
Atmore,173.32088,-41.29099
Atmore,173.29114,-41.28717
Atmore,173.31998,-41.28153
Atmore,173.30549,-41.27834
Atmore,173.29601,-41.28106
Atmore,173.31274,-41.27881
Atmore,173.30256,-41.2899
Atmore,173.31351,-41.29307
Atmore,173.31003,-41.28851
Atmore,173.30626,-41.2863
Atmore,173.3022,-41.28061
Atmore,173.30174,-41.2878
Atmore,173.32849,-41.28598
Atmore,173.31733,-41.27951
Atmore,173.32938,-41.27898
Atmore,173.30966,-41.28353
Atmore,173.30504,-41.28239
Atmore,173.30899,-41.28324
Atmore,173.29768,-41.28881
Atmore,173.29354,-41.29062
Atmore,173.31877,-41.28976
Atmore,173.31027,-41.27389
Atmore,173.31004,-41.28861
Britannia,173.26043,-41.27182
Britannia,173.26583,-41.26987
Britannia,173.26128,-41.27325
Britannia,173.26974,-41.26594
Britannia,173.25994,-41.27546
Britannia,173.26979,-41.26704
Britannia,173.2591,-41.27436
Britannia,173.27389,-41.26796
Britannia,173.26658,-41.26918
Britannia,173.27096,-41.26672
Britannia,173.27771,-41.27016
Britannia,173.26131,-41.27365
Britannia,173.26389,-41.27221
Britannia,173.27038,-41.26415
Britannia,173.26344,-41.2719
Britannia,173.26641,-41.26611
Britannia,173.25752,-41.2677
Britannia,173.27601,-41.26857
Britannia,173.26775,-41.26802
Britannia,173.26013,-41.27183
Britannia,173.27681,-41.26702
Britannia,173.27334,-41.26579
Britannia,173.26527,-41.26527
Britannia,173.27713,-41.27002
Britannia,173.26573,-41.26826
Britannia,173.27556,-41.26677
Britannia,173.26034,-41.2754
Britannia,173.26373,-41.27236
Britannia,173.25981,-41.27377
Britannia,173.26639,-41.26878
Britannia,173.27528,-41.26631
Britannia,173.26918,-41.26534
Britannia,173.26245,-41.27174
Britannia,173.25999,-41.27423
Britannia,173.2601,-41.27463
Britannia,173.27827,-41.26951
Britannia,173.27819,-41.26835
Britannia,173.25787,-41.26727
Britannia,173.26814,-41.26715
Britannia,173.27404,-41.26728
Britannia,173.27109,-41.2637
Britannia,173.27734,-41.27024
Britannia,173.26381,-41.2725
Britannia,173.2685,-41.26742
Britannia,173.27184,-41.26476
Britannia,173.272,-41.26639
Britannia,173.25861,-41.2747
Britannia,173.26779,-41.26601
Britannia,173.25714,-41.26633
Britannia,173.25696,-41.26763
Britannia,173.27834,-41.26993
Britannia,173.27619,-41.26939
Britannia,173.25898,-41.27275
Britannia,173.26721,-41.26748
Britannia,173.27588,-41.26702
Britannia,173.26476,-41.26826
Britannia,173.26558,-41.26747
Britannia,173.27281,-41.26542
Britannia,173.26541,-41.26896
Britannia,173.26223,-41.27289
Britannia,173.26601,-41.26896
Britannia,173.27026,-41.26384
Britannia,173.27474,-41.26898
Britannia,173.26296,-41.27158
Britannia,173.26482,-41.26602
Britannia,173.26498,-41.27083
Britannia,173.26422,-41.26787
Britannia,173.27086,-41.26543
Britannia,173.26529,-41.26655
Britannia,173.27105,-41.26621
Britannia,173.26951,-41.26561
Britannia,173.25824,-41.27445
Britannia,173.2681,-41.26894
Britannia,173.27314,-41.26676
Britannia,173.2681,-41.26863
Britannia,173.25902,-41.27422
Britannia,173.27514,-41.26929
Britannia,173.27166,-41.26422
Britannia,173.27782,-41.26892
Britannia,173.26716,-41.26585
Britannia,173.26196,-41.27304
Britannia,173.26466,-41.26676
Britannia,173.27014,-41.26408
Britannia,173.25992,-41.27399
Britannia,173.27847,-41.27116
Britannia,173.27055,-41.2658
Britannia,173.25732,-41.26674
Britannia,173.27355,-41.267
Britannia,173.2703,-41.2632
Britannia,173.26959,-41.26613
Britannia,173.26341,-41.27281
Britannia,173.25995,-41.27345
Britannia,173.26892,-41.26456
Britannia,173.27188,-41.26581
Britannia,173.26501,-41.2684
Britannia,173.27742,-41.27004
Britannia,173.27802,-41.27018
Britannia,173.26284,-41.26973
Britannia,173.2773,-41.26912
Britannia,173.27109,-41.2643
Broads,173.27005,-41.28293
Broads,173.2666,-41.28743
Broads,173.27199,-41.28627
Broads,173.27278,-41.28462
Broads,173.26684,-41.2879
Broads,173.26854,-41.28544
Broads,173.26888,-41.28846
Broads,173.27174,-41.28395
Broads,173.26936,-41.2813
Broads,173.27186,-41.2858
Broads,173.26876,-41.28947
Broads,173.26698,-41.29121
Broads,173.26962,-41.28372
Broads,173.26877,-41.28562
Broads,173.26689,-41.29099
Broads,173.2717,-41.28492
Broads,173.26811,-41.28407
Broads,173.27421,-41.28285
Broads,173.27238,-41.28058
Broads,173.26777,-41.28774
Broads,173.26974,-41.28807
Broads,173.27027,-41.28692
Broads,173.26607,-41.29337
Broads,173.27188,-41.28182
Broads,173.2694,-41.28928
Broads,173.26838,-41.28474
Broads,173.26655,-41.28969
Broads,173.27482,-41.2836
Broads,173.27179,-41.28297
Broads,173.26914,-41.28314
Broads,173.26808,-41.28423
Broads,173.2707,-41.28559
Broads,173.27297,-41.28365
Broads,173.27027,-41.28214
Broads,173.26973,-41.28705
Broads,173.26624,-41.28707
Broads,173.26584,-41.28867
Broads,173.26963,-41.28534
Broads,173.26665,-41.29283
Broads,173.27007,-41.28825
Broads,173.2724,-41.28543
Broads,173.27049,-41.28294
Broads,173.27377,-41.28296
Broads,173.27154,-41.28454
Broads,173.26974,-41.28618
Broads,173.27054,-41.28271
Broads,173.27105,-41.28274
Broads,173.2751,-41.28349
Broads,173.26802,-41.28944
Broads,173.26656,-41.2902
Broads,173.27062,-41.28641
Broads,173.27133,-41.28233
Broads,173.27243,-41.28429
Broads,173.27053,-41.28847
Broads,173.2696,-41.28386
Broads,173.26839,-41.28327
Broads,173.27282,-41.28397
Broads,173.26822,-41.28598
Broads,173.26691,-41.28833
Broads,173.27204,-41.28054
Broads,173.2695,-41.28858
Broads,173.27165,-41.28528
Broads,173.26728,-41.29089
Broads,173.27438,-41.28456
Broads,173.27124,-41.28268
Broads,173.27359,-41.28435
Broads,173.27259,-41.2822
Broads,173.27459,-41.28208
Broads,173.27577,-41.28272
Broads,173.26966,-41.2833
Broads,173.27175,-41.28687
Broads,173.2671,-41.28991
Broads,173.2669,-41.28705
Broads,173.27187,-41.28287
Broads,173.27302,-41.28275
Broads,173.26791,-41.28544
Broads,173.2701,-41.28639
Broads,173.26959,-41.28545
Broads,173.27129,-41.28538
Broads,173.27113,-41.28684
Broads,173.26885,-41.28886
Broads,173.27539,-41.28316
Broads,173.26873,-41.28676
Broads,173.27264,-41.28178
Broads,173.27149,-41.28735
Broads,173.27172,-41.28569
Broads,173.26694,-41.29232
Broads,173.26777,-41.28813
Broads,173.27177,-41.28026
Broads,173.26668,-41.28603
Broads,173.26768,-41.28742
Broads,173.27225,-41.28173
Broads,173.27445,-41.28287
Broads,173.26828,-41.28293
Broads,173.26873,-41.28832
Broads,173.26944,-41.28404
Broads,173.26792,-41.28557
Broads,173.26928,-41.28773
Broads,173.26896,-41.28204
Broads,173.26682,-41.28939
Bronte,173.28193,-41.28553
Bronte,173.29023,-41.27846
Bronte,173.27767,-41.28105
Bronte,173.27881,-41.28261
Bronte,173.29,-41.27904
Bronte,173.285,-41.28033
Bronte,173.28572,-41.28371
Bronte,173.28894,-41.27862
Bronte,173.28805,-41.27736
Bronte,173.2812,-41.2833
Bronte,173.27973,-41.28448
Bronte,173.28915,-41.27636
Bronte,173.28232,-41.27983
Bronte,173.2844,-41.27892
Bronte,173.28852,-41.27841
Bronte,173.2852,-41.28228
Bronte,173.28193,-41.27881
Bronte,173.28671,-41.27987
Bronte,173.27729,-41.28404
Bronte,173.28361,-41.28035
Bronte,173.28229,-41.28279
Bronte,173.28202,-41.28511
Bronte,173.28307,-41.27869
Bronte,173.28704,-41.27719
Bronte,173.28315,-41.27832
Bronte,173.28523,-41.27836
Bronte,173.28701,-41.27832
Bronte,173.28759,-41.27692
Bronte,173.28617,-41.28048
Bronte,173.28422,-41.2797
Bronte,173.28548,-41.27763
Bronte,173.27796,-41.28457
Bronte,173.2793,-41.28004
Bronte,173.2802,-41.28129
Bronte,173.28502,-41.28563
Bronte,173.2875,-41.27776
Bronte,173.27962,-41.2833
Bronte,173.28515,-41.27822
Bronte,173.27583,-41.28327
Bronte,173.27898,-41.27992
Bronte,173.28727,-41.28039
Bronte,173.28521,-41.27997
Bronte,173.28998,-41.27906
Bronte,173.28298,-41.28204
Bronte,173.28309,-41.28484
Bronte,173.27945,-41.28535
Bronte,173.29009,-41.27786
Bronte,173.28369,-41.28077
Bronte,173.29026,-41.27666
Bronte,173.28561,-41.28558
Bronte,173.28588,-41.28185
Bronte,173.28152,-41.28611
Bronte,173.28149,-41.28108
Bronte,173.27914,-41.28042
Bronte,173.28509,-41.28251
Bronte,173.28188,-41.28468
Bronte,173.28744,-41.27873
Bronte,173.27691,-41.28383
Bronte,173.29036,-41.27813
Bronte,173.28263,-41.28549
Bronte,173.27663,-41.28427
Bronte,173.27795,-41.28469
Bronte,173.27762,-41.28161
Bronte,173.28634,-41.27774
Bronte,173.2852,-41.27917
Bronte,173.2877,-41.27912
Bronte,173.28093,-41.27997
Bronte,173.28059,-41.28134
Bronte,173.2876,-41.28013
Bronte,173.28646,-41.28323
Bronte,173.27914,-41.2856
Bronte,173.28226,-41.28632
Bronte,173.28342,-41.28509
Bronte,173.28428,-41.28473
Bronte,173.28774,-41.27807
Bronte,173.28744,-41.27925
Bronte,173.28346,-41.28281
Bronte,173.28742,-41.28025
Bronte,173.2799,-41.27846
Bronte,173.28581,-41.2823
Bronte,173.27999,-41.28127
Bronte,173.27976,-41.28516
Bronte,173.28107,-41.28372
Bronte,173.28387,-41.28347
Bronte,173.28518,-41.2776
Bronte,173.27855,-41.28057
Bronte,173.28622,-41.28374
Bronte,173.28297,-41.28457
Bronte,173.28191,-41.28233
Bronte,173.29137,-41.27922
Bronte,173.28035,-41.28328
Bronte,173.28169,-41.28064
Bronte,173.29128,-41.27798
Bronte,173.2794,-41.28237
Bronte,173.28589,-41.28255
Bronte,173.28054,-41.28326
Bronte,173.28392,-41.28262
Bronte,173.28305,-41.28383
Bronte,173.28556,-41.28432
Bronte,173.27632,-41.28347
Clifton,173.33668,-41.2328
Clifton,173.344,-41.23379
Clifton,173.33009,-41.22998
Clifton,173.33405,-41.22492
Clifton,173.32195,-41.21905
Clifton,173.33667,-41.22865
Clifton,173.3331,-41.22439
Clifton,173.34876,-41.23424
Clifton,173.32469,-41.22551
Clifton,173.34289,-41.23659
Clifton,173.33705,-41.22891
Clifton,173.32187,-41.22686
Clifton,173.33406,-41.2161
Clifton,173.32911,-41.23309
Clifton,173.32528,-41.23288
Clifton,173.33043,-41.22036
Clifton,173.32836,-41.22241
Clifton,173.33463,-41.23735
Clifton,173.33076,-41.20974
Clifton,173.34315,-41.22523
Clifton,173.32026,-41.21592
Clifton,173.32374,-41.20529
Clifton,173.33615,-41.23823
Clifton,173.31732,-41.2169
Clifton,173.34936,-41.22584
Clifton,173.3353,-41.22276
Clifton,173.33816,-41.22395
Clifton,173.34512,-41.23496
Clifton,173.32383,-41.20748
Clifton,173.33815,-41.22987
Clifton,173.32651,-41.20115
Clifton,173.33598,-41.20684
Clifton,173.32328,-41.21215
Clifton,173.34026,-41.22445
Clifton,173.3371,-41.21664
Clifton,173.32485,-41.22963
Clifton,173.3317,-41.20567
Clifton,173.33309,-41.23853
Clifton,173.35427,-41.22823
Clifton,173.3471,-41.23495
Clifton,173.35405,-41.22434
Clifton,173.33447,-41.23098
Clifton,173.33898,-41.22611
Clifton,173.32979,-41.23579
Clifton,173.31826,-41.20958
Clifton,173.33314,-41.21412
Clifton,173.33308,-41.22039
Clifton,173.33586,-41.22445
Clifton,173.33378,-41.21478
Clifton,173.33325,-41.22888
Clifton,173.34873,-41.23583
Clifton,173.31594,-41.21189
Clifton,173.33665,-41.2102
Clifton,173.33263,-41.20021
Clifton,173.33755,-41.22521
Clifton,173.3457,-41.22172
Clifton,173.32874,-41.23204
Clifton,173.3335,-41.21462
Clifton,173.33183,-41.2251
Clifton,173.32866,-41.20107
Clifton,173.32413,-41.21909
Clifton,173.33099,-41.23724
Clifton,173.33158,-41.2062
Clifton,173.32819,-41.23155
Clifton,173.33099,-41.20426
Clifton,173.31766,-41.20976
Clifton,173.3236,-41.21381
Clifton,173.3273,-41.21626
Clifton,173.35082,-41.22886
Clifton,173.33397,-41.20737
Clifton,173.32949,-41.21463
Clifton,173.32675,-41.20762
Clifton,173.34489,-41.23884
Clifton,173.33323,-41.22653
Clifton,173.32541,-41.2213
Clifton,173.3355,-41.22027
Clifton,173.35153,-41.22599
Clifton,173.32804,-41.20165
Clifton,173.33297,-41.23364
Clifton,173.32301,-41.22713
Clifton,173.34567,-41.2233
Clifton,173.32332,-41.20866
Clifton,173.32784,-41.20615
Clifton,173.33454,-41.2323
Clifton,173.33206,-41.21234
Clifton,173.33235,-41.21053
Clifton,173.32674,-41.21267
Clifton,173.32752,-41.20531
Clifton,173.3258,-41.20859
Clifton,173.35405,-41.22859
Clifton,173.32786,-41.20836
Clifton,173.32164,-41.23036
Clifton,173.32189,-41.21162
Clifton,173.32949,-41.21168
Clifton,173.32576,-41.20854
Clifton,173.33074,-41.21521
Clifton,173.32672,-41.20134
Clifton,173.33732,-41.23869
Clifton,173.34175,-41.21977
Clifton,173.33928,-41.22032
Enner Glynn,173.27991,-41.32111
Enner Glynn,173.24977,-41.30513
Enner Glynn,173.26226,-41.31194
Enner Glynn,173.26671,-41.31591
Enner Glynn,173.26055,-41.31471
Enner Glynn,173.25966,-41.32185
Enner Glynn,173.25083,-41.30975
Enner Glynn,173.27838,-41.315
Enner Glynn,173.24442,-41.30072
Enner Glynn,173.24278,-41.30425
Enner Glynn,173.2667,-41.31848
Enner Glynn,173.26665,-41.31889
Enner Glynn,173.26099,-41.31203
Enner Glynn,173.26498,-41.31584
Enner Glynn,173.26385,-41.32155
Enner Glynn,173.26775,-41.32968
Enner Glynn,173.27831,-41.32378
Enner Glynn,173.25909,-41.31607
Enner Glynn,173.25912,-41.31149
Enner Glynn,173.24978,-41.3022
Enner Glynn,173.28173,-41.32154
Enner Glynn,173.26167,-41.31904
Enner Glynn,173.27921,-41.32191
Enner Glynn,173.26679,-41.32597
Enner Glynn,173.28097,-41.32267
Enner Glynn,173.24597,-41.31335
Enner Glynn,173.28091,-41.31498
Enner Glynn,173.28063,-41.31932
Enner Glynn,173.26385,-41.32628
Enner Glynn,173.2755,-41.32581
Enner Glynn,173.25356,-41.31459
Enner Glynn,173.26112,-41.31335
Enner Glynn,173.25905,-41.30053
Enner Glynn,173.26829,-41.33146
Enner Glynn,173.28122,-41.32302
Enner Glynn,173.25005,-41.30834
Enner Glynn,173.24563,-41.31311
Enner Glynn,173.25625,-41.30073
Enner Glynn,173.27658,-41.32788
Enner Glynn,173.26374,-41.32665
Enner Glynn,173.28182,-41.32294
Enner Glynn,173.25534,-41.3064
Enner Glynn,173.25405,-41.30376
Enner Glynn,173.25729,-41.32046
Enner Glynn,173.24846,-41.31204
Enner Glynn,173.24896,-41.30251
Enner Glynn,173.24861,-41.31213
Enner Glynn,173.26964,-41.32602
Enner Glynn,173.26003,-41.31832
Enner Glynn,173.26129,-41.31518
Enner Glynn,173.27886,-41.3238
Enner Glynn,173.24496,-41.30288
Enner Glynn,173.2687,-41.33006
Enner Glynn,173.28097,-41.32286
Enner Glynn,173.25234,-41.31446
Enner Glynn,173.26141,-41.32408
Enner Glynn,173.25736,-41.31152
Enner Glynn,173.26294,-41.32604
Enner Glynn,173.24633,-41.30532
Enner Glynn,173.26551,-41.31515
Enner Glynn,173.26003,-41.31123
Enner Glynn,173.25924,-41.31686
Enner Glynn,173.27876,-41.32501
Enner Glynn,173.246,-41.30186
Enner Glynn,173.28203,-41.31611
Enner Glynn,173.24436,-41.30668
Enner Glynn,173.26452,-41.32761
Enner Glynn,173.24838,-41.3053
Enner Glynn,173.26539,-41.31613
Enner Glynn,173.25625,-41.30851
Enner Glynn,173.27399,-41.32301
Enner Glynn,173.28564,-41.31921
Enner Glynn,173.24163,-41.2997
Enner Glynn,173.24299,-41.30137
Enner Glynn,173.26845,-41.32558
Enner Glynn,173.2676,-41.32514
Enner Glynn,173.25322,-41.31695
Enner Glynn,173.24629,-41.30492
Enner Glynn,173.26598,-41.31496
Enner Glynn,173.26761,-41.31536
Enner Glynn,173.25586,-41.30827
Enner Glynn,173.26057,-41.31488
Enner Glynn,173.28083,-41.31499
Enner Glynn,173.26896,-41.32542
Enner Glynn,173.25358,-41.30691
Enner Glynn,173.26348,-41.32614
Enner Glynn,173.27391,-41.32345
Enner Glynn,173.25312,-41.30709
Enner Glynn,173.25595,-41.3139
Enner Glynn,173.27678,-41.32043
Enner Glynn,173.27775,-41.32813
Enner Glynn,173.27765,-41.32773
Enner Glynn,173.27101,-41.32681
Enner Glynn,173.25706,-41.31036
Enner Glynn,173.28433,-41.31759
Enner Glynn,173.24115,-41.3001
Enner Glynn,173.27372,-41.32597
Enner Glynn,173.24541,-41.30045
Enner Glynn,173.24652,-41.30328
Enner Glynn,173.26558,-41.3163
Grampians,173.27524,-41.31128
Grampians,173.26027,-41.30728
Grampians,173.27644,-41.28439
Grampians,173.26428,-41.30541
Grampians,173.26793,-41.29337
Grampians,173.26128,-41.30287
Grampians,173.2737,-41.31312
Grampians,173.26327,-41.30053
Grampians,173.28112,-41.291
Grampians,173.25956,-41.30253
Grampians,173.2738,-41.31516
Grampians,173.26859,-41.30813
Grampians,173.27917,-41.29544
Grampians,173.2771,-41.30482
Grampians,173.26717,-41.29283
Grampians,173.27743,-41.29077
Grampians,173.26551,-41.31098
Grampians,173.26121,-41.30247
Grampians,173.2775,-41.30459
Grampians,173.26548,-41.31002
Grampians,173.27796,-41.2854
Grampians,173.26113,-41.3103
Grampians,173.2723,-41.29967
Grampians,173.27962,-41.30334
Grampians,173.2744,-41.30913
Grampians,173.27369,-41.29011
Grampians,173.26281,-41.30537
Grampians,173.27367,-41.31005
Grampians,173.25723,-41.30487
Grampians,173.27652,-41.30319
Grampians,173.26827,-41.30132
Grampians,173.28255,-41.30428
Grampians,173.26551,-41.30993
Grampians,173.26896,-41.30967
Grampians,173.28058,-41.30493
Grampians,173.26205,-41.30164
Grampians,173.27473,-41.3155
Grampians,173.27985,-41.30415
Grampians,173.26766,-41.31355
Grampians,173.26517,-41.30017
Grampians,173.26754,-41.30117
Grampians,173.26748,-41.3038
Grampians,173.2718,-41.30464
Grampians,173.26464,-41.312
Grampians,173.28195,-41.30295
Grampians,173.26384,-41.30851
Grampians,173.27864,-41.3031
Grampians,173.26859,-41.29681
Grampians,173.26785,-41.30807
Grampians,173.2785,-41.2937
Grampians,173.2803,-41.29195
Grampians,173.27308,-41.3036
Grampians,173.2732,-41.30434
Grampians,173.2708,-41.29411
Grampians,173.25699,-41.30386
Grampians,173.27272,-41.29834
Grampians,173.26936,-41.29303
Grampians,173.27615,-41.28778
Grampians,173.27652,-41.30091
Grampians,173.2666,-41.31361
Grampians,173.26492,-41.30554
Grampians,173.27191,-41.30144
Grampians,173.27314,-41.30366
Grampians,173.27714,-41.30433
Grampians,173.27209,-41.31505
Grampians,173.28357,-41.28811
Grampians,173.27768,-41.28526
Grampians,173.2683,-41.30622
Grampians,173.27939,-41.29545
Grampians,173.27564,-41.28891
Grampians,173.26863,-41.30135
Grampians,173.2676,-41.30448
Grampians,173.26851,-41.31306
Grampians,173.28074,-41.29516
Grampians,173.28137,-41.28973
Grampians,173.28351,-41.28801
Grampians,173.27414,-41.30769
Grampians,173.2728,-41.3158
Grampians,173.27549,-41.29014
Grampians,173.27554,-41.31379
Grampians,173.27952,-41.29397
Grampians,173.27159,-41.31569
Grampians,173.27232,-41.31482
Grampians,173.26648,-41.29682
Grampians,173.26791,-41.30899
Grampians,173.27798,-41.29426
Grampians,173.27029,-41.31151
Grampians,173.26427,-41.30997
Grampians,173.27938,-41.28817
Grampians,173.2726,-41.29445
Grampians,173.26363,-41.31035
Grampians,173.2692,-41.29404
Grampians,173.26268,-41.30236
Grampians,173.28152,-41.28704
Grampians,173.2773,-41.2945
Grampians,173.26723,-41.31353
Grampians,173.27927,-41.29252
Grampians,173.26323,-41.30513
Grampians,173.26543,-41.31217
Grampians,173.27118,-41.30142
Isel Park,173.24054,-41.33036
Isel Park,173.24109,-41.31394
Isel Park,173.23418,-41.31791
Isel Park,173.23305,-41.32203
Isel Park,173.23649,-41.32969
Isel Park,173.24044,-41.32063
Isel Park,173.23944,-41.32447
Isel Park,173.24539,-41.33213
Isel Park,173.24537,-41.32748
Isel Park,173.25685,-41.32436
Isel Park,173.26083,-41.32692
Isel Park,173.25461,-41.32648
Isel Park,173.25532,-41.32787
Isel Park,173.26286,-41.33012
Isel Park,173.23846,-41.31906
Isel Park,173.24908,-41.32455
Isel Park,173.24947,-41.32841
Isel Park,173.24659,-41.3218
Isel Park,173.24398,-41.32885
Isel Park,173.23737,-41.3157
Isel Park,173.2507,-41.32218
Isel Park,173.23504,-41.32239
Isel Park,173.25304,-41.31925
Isel Park,173.24413,-41.32705
Isel Park,173.24041,-41.3259
Isel Park,173.23052,-41.32132
Isel Park,173.25473,-41.32692
Isel Park,173.24252,-41.32527
Isel Park,173.26431,-41.32904
Isel Park,173.26207,-41.328
Isel Park,173.243,-41.3283
Isel Park,173.24729,-41.32338
Isel Park,173.24409,-41.32881
Isel Park,173.247,-41.319
Isel Park,173.24169,-41.31495
Isel Park,173.24119,-41.31515
Isel Park,173.26317,-41.3322
Isel Park,173.23702,-41.31487
Isel Park,173.24133,-41.3191
Isel Park,173.24105,-41.33393
Isel Park,173.24126,-41.33404
Isel Park,173.25971,-41.33039
Isel Park,173.24323,-41.32899
Isel Park,173.26154,-41.32835
Isel Park,173.25962,-41.32932
Isel Park,173.24445,-41.33176
Isel Park,173.25762,-41.33008
Isel Park,173.23295,-41.32186
Isel Park,173.23736,-41.33145
Isel Park,173.25387,-41.33059
Isel Park,173.25077,-41.32129
Isel Park,173.24651,-41.32449
Isel Park,173.24485,-41.32882
Isel Park,173.2387,-41.33192
Isel Park,173.2465,-41.3188
Isel Park,173.23842,-41.32687
Isel Park,173.2421,-41.31742
Isel Park,173.23766,-41.32686
Isel Park,173.23911,-41.31535
Isel Park,173.24436,-41.31656
Isel Park,173.2471,-41.31747
Isel Park,173.25157,-41.33292
Isel Park,173.22998,-41.32238
Isel Park,173.23402,-41.32256
Isel Park,173.25306,-41.32821
Isel Park,173.25204,-41.32225
Isel Park,173.24691,-41.32217
Isel Park,173.23909,-41.33061
Isel Park,173.2528,-41.32981
Isel Park,173.25534,-41.33251
Isel Park,173.24611,-41.32425
Isel Park,173.24256,-41.32554
Isel Park,173.24295,-41.32751
Isel Park,173.24917,-41.31771
Isel Park,173.24512,-41.3366
Isel Park,173.2497,-41.33467
Isel Park,173.23294,-41.32637
Isel Park,173.24292,-41.32885
Isel Park,173.23185,-41.31914
Isel Park,173.25922,-41.32821
Isel Park,173.24781,-41.32329
Isel Park,173.23965,-41.32161
Isel Park,173.24236,-41.32875
Isel Park,173.22989,-41.31473
Isel Park,173.23685,-41.31654
Isel Park,173.26297,-41.33135
Isel Park,173.24064,-41.32366
Isel Park,173.23745,-41.31682
Isel Park,173.23993,-41.32652
Isel Park,173.23853,-41.31755
Isel Park,173.23977,-41.33101
Isel Park,173.24139,-41.33428
Isel Park,173.25073,-41.32822
Isel Park,173.24107,-41.31855
Isel Park,173.25405,-41.32635
Isel Park,173.24258,-41.32785
Isel Park,173.24031,-41.33346
Isel Park,173.26217,-41.33028
Isel Park,173.23881,-41.3278
Isel Park,173.23538,-41.32281
Kirks,173.27945,-41.27744
Kirks,173.27552,-41.27623
Kirks,173.2769,-41.28156
Kirks,173.27642,-41.28037
Kirks,173.27626,-41.27804
Kirks,173.27698,-41.27769
Kirks,173.27633,-41.28149
Kirks,173.27434,-41.27982
Kirks,173.27424,-41.27945
Kirks,173.27987,-41.2769
Kirks,173.27925,-41.27603
Kirks,173.27833,-41.27573
Kirks,173.27499,-41.28011
Kirks,173.27471,-41.27832
Kirks,173.27845,-41.28013
Kirks,173.27961,-41.27687
Kirks,173.27525,-41.28182
Kirks,173.27699,-41.28001
Kirks,173.27926,-41.27921
Kirks,173.27559,-41.28013
Kirks,173.27309,-41.27814
Kirks,173.27795,-41.27607
Kirks,173.27801,-41.28017
Kirks,173.28008,-41.27663
Kirks,173.27194,-41.27928
Kirks,173.27858,-41.27572
Kirks,173.27352,-41.27779
Kirks,173.27436,-41.27996
Kirks,173.27278,-41.28018
Kirks,173.27496,-41.2812
Kirks,173.27669,-41.28078
Kirks,173.27287,-41.27838
Kirks,173.27703,-41.27759
Kirks,173.27585,-41.27685
Kirks,173.27985,-41.27592
Kirks,173.27253,-41.27967
Kirks,173.27201,-41.27861
Kirks,173.27755,-41.27553
Kirks,173.27683,-41.28029
Kirks,173.27792,-41.28036
Kirks,173.28055,-41.27518
Kirks,173.27584,-41.27819
Kirks,173.27518,-41.27926
Kirks,173.27759,-41.27534
Kirks,173.27502,-41.27784
Kirks,173.27529,-41.27649
Kirks,173.27852,-41.27564
Kirks,173.2743,-41.27931
Kirks,173.27671,-41.27879
Kirks,173.27793,-41.27789
Kirks,173.27671,-41.28041
Kirks,173.27741,-41.27749
Kirks,173.28048,-41.27677
Kirks,173.27756,-41.27814
Kirks,173.27789,-41.27854
Kirks,173.2761,-41.28189
Kirks,173.27912,-41.27898
Kirks,173.27575,-41.28186
Kirks,173.27187,-41.2793
Kirks,173.27148,-41.27983
Kirks,173.28059,-41.27659
Kirks,173.27828,-41.27964
Kirks,173.27713,-41.27573
Kirks,173.27335,-41.28023
Kirks,173.27449,-41.27689
Kirks,173.27549,-41.27577
Kirks,173.27701,-41.27807
Kirks,173.27762,-41.27613
Kirks,173.27796,-41.27984
Kirks,173.276,-41.28116
Kirks,173.27964,-41.27694
Kirks,173.27784,-41.27819
Kirks,173.27225,-41.27891
Kirks,173.27566,-41.28169
Kirks,173.28027,-41.27797
Kirks,173.27419,-41.28041
Kirks,173.27727,-41.28064
Kirks,173.27412,-41.27682
Kirks,173.27705,-41.28041
Kirks,173.27403,-41.27801
Kirks,173.27498,-41.27623
Kirks,173.27546,-41.27583
Kirks,173.27605,-41.27726
Kirks,173.27707,-41.28104
Kirks,173.27848,-41.27875
Kirks,173.27307,-41.27862
Kirks,173.27633,-41.27861
Kirks,173.27436,-41.27812
Kirks,173.28043,-41.27755
Kirks,173.27503,-41.27641
Kirks,173.28043,-41.27718
Kirks,173.27109,-41.27966
Kirks,173.27749,-41.2806
Kirks,173.27859,-41.27889
Kirks,173.27722,-41.27704
Kirks,173.27593,-41.27426
Kirks,173.28007,-41.27749
Kirks,173.27326,-41.27732
Kirks,173.2763,-41.27893
Kirks,173.27862,-41.27914
Langbein,173.20886,-41.30483
Langbein,173.22689,-41.30957
Langbein,173.22343,-41.30853
Langbein,173.22667,-41.30285
Langbein,173.22786,-41.30486
Langbein,173.22148,-41.30504
Langbein,173.22793,-41.30379
Langbein,173.20947,-41.30398
Langbein,173.22484,-41.30467
Langbein,173.21305,-41.30404
Langbein,173.20585,-41.30601
Langbein,173.22784,-41.31124
Langbein,173.23417,-41.30856
Langbein,173.228,-41.3054
Langbein,173.22008,-41.30707
Langbein,173.21371,-41.30369
Langbein,173.22245,-41.30671
Langbein,173.22001,-41.30503
Langbein,173.22445,-41.30876
Langbein,173.22136,-41.30585
Langbein,173.23101,-41.30889
Langbein,173.22999,-41.30705
Langbein,173.22598,-41.31225
Langbein,173.23044,-41.30725
Langbein,173.22234,-41.30808
Langbein,173.23233,-41.30661
Langbein,173.22351,-41.31542
Langbein,173.22541,-41.31287
Langbein,173.22437,-41.30435
Langbein,173.22498,-41.30325
Langbein,173.22497,-41.30852
Langbein,173.22472,-41.31011
Langbein,173.22541,-41.30355
Langbein,173.22762,-41.31337
Langbein,173.22479,-41.3046
Langbein,173.22646,-41.30871
Langbein,173.22685,-41.31019
Langbein,173.22618,-41.31453
Langbein,173.22527,-41.30829
Langbein,173.2269,-41.30918
Langbein,173.23062,-41.30659
Langbein,173.22991,-41.31043
Langbein,173.21601,-41.30341
Langbein,173.23164,-41.30654
Langbein,173.2265,-41.30965
Langbein,173.2298,-41.30939
Langbein,173.22764,-41.3052
Langbein,173.2288,-41.30507
Langbein,173.23179,-41.30678
Langbein,173.22058,-41.3072
Langbein,173.2284,-41.3128
Langbein,173.22354,-41.3051
Langbein,173.21832,-41.30602
Langbein,173.23178,-41.30676
Langbein,173.22512,-41.3095
Langbein,173.22876,-41.30519
Langbein,173.22583,-41.30891
Langbein,173.22324,-41.30329
Langbein,173.22775,-41.30954
Langbein,173.2263,-41.30672
Langbein,173.22265,-41.31486
Langbein,173.22496,-41.31585
Langbein,173.2112,-41.30406
Langbein,173.22252,-41.30817
Langbein,173.22763,-41.30637
Langbein,173.22529,-41.30904
Langbein,173.22442,-41.31644
Langbein,173.22207,-41.30634
Langbein,173.2212,-41.30706
Langbein,173.23168,-41.30791
Langbein,173.22369,-41.30368
Langbein,173.22864,-41.312
Langbein,173.2282,-41.31407
Langbein,173.22401,-41.31356
Langbein,173.22484,-41.30513
Langbein,173.22264,-41.30514
Langbein,173.22622,-41.30342
Langbein,173.22818,-41.31405
Langbein,173.21264,-41.30385
Langbein,173.22613,-41.31299
Langbein,173.226,-41.30385
Langbein,173.22679,-41.30548
Langbein,173.23237,-41.30936
Langbein,173.22224,-41.30345
Langbein,173.2252,-41.30676
Langbein,173.20767,-41.30486
Langbein,173.20999,-41.30483
Langbein,173.20615,-41.30728
Langbein,173.21227,-41.30368
Langbein,173.22722,-41.30824
Langbein,173.22854,-41.31426
Langbein,173.23025,-41.30681
Langbein,173.22815,-41.30402
Langbein,173.22609,-41.30944
Langbein,173.23199,-41.30879
Langbein,173.2099,-41.30456
Langbein,173.2192,-41.30317
Langbein,173.2217,-41.30705
Langbein,173.21973,-41.30637
Langbein,173.22072,-41.30345
Maitai,173.30454,-41.2756
Maitai,173.29828,-41.27712
Maitai,173.31682,-41.27363
Maitai,173.29344,-41.27429
Maitai,173.31746,-41.2734
Maitai,173.3012,-41.26457
Maitai,173.30235,-41.27406
Maitai,173.30439,-41.27042
Maitai,173.3129,-41.2672
Maitai,173.31122,-41.26682
Maitai,173.30718,-41.26412
Maitai,173.31324,-41.27191
Maitai,173.31041,-41.26933
Maitai,173.30356,-41.27289
Maitai,173.31662,-41.27159
Maitai,173.30709,-41.27554
Maitai,173.30473,-41.2708
Maitai,173.29782,-41.26822
Maitai,173.30286,-41.27127
Maitai,173.30614,-41.26309
Maitai,173.2992,-41.26851
Maitai,173.30726,-41.26648
Maitai,173.30396,-41.26433
Maitai,173.30624,-41.27328
Maitai,173.31312,-41.27052
Maitai,173.31433,-41.26943
Maitai,173.2986,-41.27371
Maitai,173.30041,-41.2719
Maitai,173.31127,-41.26813
Maitai,173.30714,-41.27643
Maitai,173.29648,-41.27392
Maitai,173.30241,-41.26651
Maitai,173.31006,-41.2679
Maitai,173.31036,-41.26972
Maitai,173.30483,-41.26289
Maitai,173.29863,-41.27287
Maitai,173.30861,-41.26936
Maitai,173.30559,-41.27401
Maitai,173.32267,-41.27292
Maitai,173.29981,-41.26948
Maitai,173.29876,-41.26976
Maitai,173.31609,-41.26752
Maitai,173.3133,-41.26771
Maitai,173.30912,-41.26555
Maitai,173.3042,-41.26698
Maitai,173.31539,-41.27084
Maitai,173.29658,-41.27662
Maitai,173.31517,-41.26983
Maitai,173.30808,-41.26623
Maitai,173.31665,-41.27041
Maitai,173.30712,-41.26863
Maitai,173.31073,-41.26668
Maitai,173.30501,-41.26863
Maitai,173.30769,-41.26431
Maitai,173.30186,-41.26496
Maitai,173.31566,-41.27306
Maitai,173.32025,-41.27211
Maitai,173.3086,-41.27004
Maitai,173.31217,-41.27293
Maitai,173.30516,-41.27114
Maitai,173.30173,-41.27356
Maitai,173.3064,-41.26665
Maitai,173.30278,-41.27041
Maitai,173.3002,-41.26972
Maitai,173.31507,-41.26717
Maitai,173.30183,-41.26668
Maitai,173.3072,-41.27241
Maitai,173.30041,-41.2687
Maitai,173.30376,-41.27054
Maitai,173.31936,-41.27075
Maitai,173.30628,-41.26648
Maitai,173.31663,-41.27146
Maitai,173.30327,-41.26487
Maitai,173.30126,-41.27304
Maitai,173.32121,-41.27078
Maitai,173.30649,-41.26581
Maitai,173.30135,-41.27336
Maitai,173.29793,-41.26734
Maitai,173.30251,-41.27117
Maitai,173.31405,-41.26948
Maitai,173.30535,-41.2651
Maitai,173.30059,-41.27155
Maitai,173.30095,-41.27279
Maitai,173.31053,-41.26404
Maitai,173.31028,-41.26899
Maitai,173.3047,-41.26926
Maitai,173.31089,-41.27345
Maitai,173.30741,-41.26917
Maitai,173.30361,-41.27318
Maitai,173.31944,-41.27122
Maitai,173.2989,-41.26702
Maitai,173.32226,-41.27015
Maitai,173.30327,-41.27213
Maitai,173.30401,-41.26977
Maitai,173.29729,-41.27258
Maitai,173.3205,-41.27248
Maitai,173.2983,-41.27424
Maitai,173.31565,-41.26985
Maitai,173.29922,-41.27645
Maitai,173.32027,-41.27078
Maitlands,173.24742,-41.31561
Maitlands,173.23789,-41.30854
Maitlands,173.23464,-41.30888
Maitlands,173.24126,-41.31266
Maitlands,173.2402,-41.30259
Maitlands,173.23665,-41.3061
Maitlands,173.24523,-41.30782
Maitlands,173.24256,-41.31277
Maitlands,173.23671,-41.30681
Maitlands,173.24133,-41.30271
Maitlands,173.2404,-41.30624
Maitlands,173.24934,-41.31726
Maitlands,173.24253,-41.31421
Maitlands,173.24113,-41.30793
Maitlands,173.24252,-41.31427
Maitlands,173.23519,-41.30806
Maitlands,173.23773,-41.31088
Maitlands,173.24044,-41.30258
Maitlands,173.24926,-41.31627
Maitlands,173.25083,-41.31712
Maitlands,173.2408,-41.30544
Maitlands,173.24481,-41.31176
Maitlands,173.24247,-41.30808
Maitlands,173.23707,-41.30826
Maitlands,173.24394,-41.31259
Maitlands,173.24154,-41.31309
Maitlands,173.23871,-41.31006
Maitlands,173.24518,-41.31144
Maitlands,173.24412,-41.3146
Maitlands,173.23508,-41.30862
Maitlands,173.23775,-41.30916
Maitlands,173.2485,-41.31709
Maitlands,173.24403,-41.31099
Maitlands,173.24468,-41.31422
Maitlands,173.24722,-41.31087
Maitlands,173.24958,-41.31533
Maitlands,173.24912,-41.3096
Maitlands,173.24758,-41.30913
Maitlands,173.24776,-41.30934
Maitlands,173.2407,-41.3073
Maitlands,173.23501,-41.30888
Maitlands,173.23902,-41.31057
Maitlands,173.23763,-41.3121
Maitlands,173.23974,-41.30688
Maitlands,173.24805,-41.3104
Maitlands,173.23862,-41.30428
Maitlands,173.23876,-41.3053
Maitlands,173.24175,-41.30869
Maitlands,173.24605,-41.31188
Maitlands,173.23696,-41.30982
Maitlands,173.2463,-41.31156
Maitlands,173.2437,-41.31185
Maitlands,173.24379,-41.312
Maitlands,173.24656,-41.31185
Maitlands,173.24271,-41.31137
Maitlands,173.24001,-41.3028
Maitlands,173.23925,-41.30748
Maitlands,173.24268,-41.30718
Maitlands,173.2371,-41.31177
Maitlands,173.2391,-41.30854
Maitlands,173.248,-41.30964
Maitlands,173.23943,-41.30375
Maitlands,173.24006,-41.30567
Maitlands,173.24194,-41.31222
Maitlands,173.24314,-41.31245
Maitlands,173.24167,-41.30161
Maitlands,173.2467,-41.3093
Maitlands,173.24857,-41.31667
Maitlands,173.2398,-41.30442
Maitlands,173.23903,-41.30845
Maitlands,173.24432,-41.31338
Maitlands,173.23957,-41.30924
Maitlands,173.23522,-41.30867
Maitlands,173.24212,-41.30108
Maitlands,173.24181,-41.31129
Maitlands,173.23639,-41.30699
Maitlands,173.24479,-41.31017
Maitlands,173.24183,-41.30592
Maitlands,173.24525,-41.30805
Maitlands,173.24385,-41.31312
Maitlands,173.2395,-41.30367
Maitlands,173.23795,-41.31043
Maitlands,173.25089,-41.31706
Maitlands,173.2387,-41.30659
Maitlands,173.24489,-41.30873
Maitlands,173.23985,-41.3051
Maitlands,173.23584,-41.31117
Maitlands,173.2398,-41.30572
Maitlands,173.25044,-41.31667
Maitlands,173.23797,-41.30499
Maitlands,173.25111,-41.31628
Maitlands,173.24129,-41.30549
Maitlands,173.23992,-41.30734
Maitlands,173.2411,-41.30155
Maitlands,173.24994,-41.31549
Maitlands,173.25109,-41.31744
Maitlands,173.24023,-41.31031
Maitlands,173.2434,-41.31429
Maitlands,173.23658,-41.30661
Maitlands,173.24003,-41.31106
Nayland,173.2331,-41.30257
Nayland,173.22986,-41.30196
Nayland,173.23024,-41.3021
Nayland,173.23451,-41.30323
Nayland,173.23741,-41.30436
Nayland,173.22941,-41.30252
Nayland,173.23356,-41.30551
Nayland,173.22976,-41.30272
Nayland,173.22756,-41.3027
Nayland,173.22959,-41.3045
Nayland,173.2324,-41.30324
Nayland,173.23176,-41.3032
Nayland,173.23745,-41.30165
Nayland,173.2348,-41.30606
Nayland,173.23932,-41.30268
Nayland,173.23204,-41.30265
Nayland,173.23619,-41.30552
Nayland,173.23321,-41.30395
Nayland,173.23259,-41.30307
Nayland,173.2369,-41.30396
Nayland,173.23295,-41.30574
Nayland,173.23255,-41.30562
Nayland,173.23208,-41.30218
Nayland,173.23472,-41.30315
Nayland,173.23329,-41.30228
Nayland,173.22722,-41.30275
Nayland,173.23356,-41.30457
Nayland,173.23879,-41.30274
Nayland,173.2303,-41.30311
Nayland,173.239,-41.30218
Nayland,173.23984,-41.30145
Nayland,173.23608,-41.30612
Nayland,173.23454,-41.30383
Nayland,173.23304,-41.3048
Nayland,173.23498,-41.30583
Nayland,173.23148,-41.30588
Nayland,173.2377,-41.3035
Nayland,173.23711,-41.30384
Nayland,173.23343,-41.30353
Nayland,173.23443,-41.30375
Nayland,173.23639,-41.30454
Nayland,173.23646,-41.30378
Nayland,173.23202,-41.30522
Nayland,173.24023,-41.30206
Nayland,173.23716,-41.30315
Nayland,173.23111,-41.30503
Nayland,173.23237,-41.30654
Nayland,173.23896,-41.30272
Nayland,173.22947,-41.30308
Nayland,173.22881,-41.30176
Nayland,173.23832,-41.30314
Nayland,173.23435,-41.30221
Nayland,173.23663,-41.30509
Nayland,173.23466,-41.30505
Nayland,173.23487,-41.30479
Nayland,173.23568,-41.30253
Nayland,173.23682,-41.30377
Nayland,173.23777,-41.30155
Nayland,173.2342,-41.30456
Nayland,173.23046,-41.30191
Nayland,173.23668,-41.30407
Nayland,173.23564,-41.30514
Nayland,173.22977,-41.30308
Nayland,173.23952,-41.30131
Nayland,173.23012,-41.30364
Nayland,173.23613,-41.30377
Nayland,173.23174,-41.30496
Nayland,173.23346,-41.3029
Nayland,173.23893,-41.3021
Nayland,173.22884,-41.30412
Nayland,173.23447,-41.30401
Nayland,173.23893,-41.30106
Nayland,173.2338,-41.30456
Nayland,173.23672,-41.30353
Nayland,173.22919,-41.30392
Nayland,173.23527,-41.30735
Nayland,173.22875,-41.30328
Nayland,173.2356,-41.30331
Nayland,173.23622,-41.3036
Nayland,173.23203,-41.30513
Nayland,173.23643,-41.30532
Nayland,173.24045,-41.30001
Nayland,173.23885,-41.30177
Nayland,173.23471,-41.30319
Nayland,173.23272,-41.30231
Nayland,173.23252,-41.30446
Nayland,173.23967,-41.30182
Nayland,173.23529,-41.30343
Nayland,173.2315,-41.30337
Nayland,173.23127,-41.30258
Nayland,173.23539,-41.30558
Nayland,173.23429,-41.30247
Nayland,173.23343,-41.30375
Nayland,173.23389,-41.30524
Nayland,173.23592,-41.30258
Nayland,173.24087,-41.30096
Nayland,173.2281,-41.30366
Nayland,173.2342,-41.30272
Nayland,173.23735,-41.30504
Nayland,173.23048,-41.30351
Nelson Airport,173.23291,-41.30188
Nelson Airport,173.24036,-41.2988
Nelson Airport,173.22544,-41.298
Nelson Airport,173.23782,-41.29439
Nelson Airport,173.22197,-41.29463
Nelson Airport,173.22866,-41.29661
Nelson Airport,173.21937,-41.29714
Nelson Airport,173.22906,-41.29278
Nelson Airport,173.23292,-41.29102
Nelson Airport,173.23772,-41.30145
Nelson Airport,173.24359,-41.29623
Nelson Airport,173.2262,-41.29589
Nelson Airport,173.22699,-41.28997
Nelson Airport,173.22396,-41.29767
Nelson Airport,173.24405,-41.29156
Nelson Airport,173.22613,-41.30162
Nelson Airport,173.21991,-41.29723
Nelson Airport,173.23639,-41.3
Nelson Airport,173.23831,-41.29576
Nelson Airport,173.22862,-41.29984
Nelson Airport,173.2232,-41.29673
Nelson Airport,173.24129,-41.29584
Nelson Airport,173.24174,-41.2947
Nelson Airport,173.23792,-41.28931
Nelson Airport,173.2287,-41.29879
Nelson Airport,173.23415,-41.29398
Nelson Airport,173.24008,-41.29713
Nelson Airport,173.20844,-41.29788
Nelson Airport,173.22604,-41.29599
Nelson Airport,173.22382,-41.29949
Nelson Airport,173.23891,-41.29052
Nelson Airport,173.22278,-41.29272
Nelson Airport,173.21462,-41.2959
Nelson Airport,173.23483,-41.30145
Nelson Airport,173.23867,-41.2983
Nelson Airport,173.2395,-41.29258
Nelson Airport,173.22394,-41.29693
Nelson Airport,173.21682,-41.30212
Nelson Airport,173.23368,-41.29629
Nelson Airport,173.2106,-41.29751
Nelson Airport,173.23024,-41.28742
Nelson Airport,173.22046,-41.29842
Nelson Airport,173.22546,-41.29672
Nelson Airport,173.23822,-41.28987
Nelson Airport,173.22827,-41.29034
Nelson Airport,173.2213,-41.29355
Nelson Airport,173.22415,-41.29096
Nelson Airport,173.23743,-41.28915
Nelson Airport,173.22657,-41.28858
Nelson Airport,173.22928,-41.28975
Nelson Airport,173.23017,-41.29528
Nelson Airport,173.2211,-41.29608
Nelson Airport,173.22971,-41.28742
Nelson Airport,173.23142,-41.29519
Nelson Airport,173.24279,-41.2931
Nelson Airport,173.22823,-41.2893
Nelson Airport,173.23607,-41.2964
Nelson Airport,173.23024,-41.29714
Nelson Airport,173.23809,-41.29043
Nelson Airport,173.2079,-41.29823
Nelson Airport,173.24164,-41.29056
Nelson Airport,173.23304,-41.2943
Nelson Airport,173.23404,-41.2927
Nelson Airport,173.23768,-41.298
Nelson Airport,173.23286,-41.28943
Nelson Airport,173.24435,-41.29159
Nelson Airport,173.23382,-41.28978
Nelson Airport,173.22163,-41.30006
Nelson Airport,173.2427,-41.29591
Nelson Airport,173.21968,-41.30242
Nelson Airport,173.24166,-41.29897
Nelson Airport,173.21528,-41.30111
Nelson Airport,173.2356,-41.29224
Nelson Airport,173.24069,-41.29923
Nelson Airport,173.23159,-41.29334
Nelson Airport,173.24036,-41.29839
Nelson Airport,173.22142,-41.29606
Nelson Airport,173.22184,-41.29376
Nelson Airport,173.23202,-41.29456
Nelson Airport,173.22082,-41.29962
Nelson Airport,173.22919,-41.28802
Nelson Airport,173.23974,-41.29945
Nelson Airport,173.23241,-41.28743
Nelson Airport,173.23585,-41.30008
Nelson Airport,173.24142,-41.2948
Nelson Airport,173.22906,-41.29247
Nelson Airport,173.21127,-41.29674
Nelson Airport,173.23782,-41.29256
Nelson Airport,173.23068,-41.28777
Nelson Airport,173.22786,-41.28812
Nelson Airport,173.23883,-41.29014
Nelson Airport,173.22578,-41.29177
Nelson Airport,173.24221,-41.2976
Nelson Airport,173.21489,-41.29641
Nelson Airport,173.22622,-41.2918
Nelson Airport,173.20696,-41.29924
Nelson Airport,173.21821,-41.30145
Nelson Airport,173.21424,-41.2964
Nelson Airport,173.22328,-41.29385
Nelson Airport,173.23484,-41.30034
Ngawhatu,173.2193,-41.34867
Ngawhatu,173.21494,-41.33431
Ngawhatu,173.21361,-41.34149
Ngawhatu,173.22403,-41.32065
Ngawhatu,173.21606,-41.34495
Ngawhatu,173.23687,-41.33942
Ngawhatu,173.20527,-41.33218
Ngawhatu,173.22997,-41.34158
Ngawhatu,173.22067,-41.35211
Ngawhatu,173.21836,-41.32883
Ngawhatu,173.22185,-41.33037
Ngawhatu,173.21027,-41.33427
Ngawhatu,173.23532,-41.33062
Ngawhatu,173.21475,-41.33523
Ngawhatu,173.21993,-41.33673
Ngawhatu,173.22397,-41.33958
Ngawhatu,173.22244,-41.32909
Ngawhatu,173.22774,-41.32758
Ngawhatu,173.22969,-41.33249
Ngawhatu,173.22391,-41.32595
Ngawhatu,173.20797,-41.3303
Ngawhatu,173.20679,-41.33516
Ngawhatu,173.22735,-41.33151
Ngawhatu,173.22484,-41.34082
Ngawhatu,173.23184,-41.32434
Ngawhatu,173.22068,-41.32691
Ngawhatu,173.22972,-41.33556
Ngawhatu,173.22834,-41.34239
Ngawhatu,173.21911,-41.34835
Ngawhatu,173.20864,-41.32976
Ngawhatu,173.2102,-41.33905
Ngawhatu,173.23292,-41.33335
Ngawhatu,173.23153,-41.32619
Ngawhatu,173.22791,-41.3227
Ngawhatu,173.23498,-41.33707
Ngawhatu,173.22423,-41.3226
Ngawhatu,173.24131,-41.33754
Ngawhatu,173.22326,-41.33168
Ngawhatu,173.22895,-41.33311
Ngawhatu,173.2285,-41.33476
Ngawhatu,173.23305,-41.33968
Ngawhatu,173.21944,-41.33778
Ngawhatu,173.2218,-41.32907
Ngawhatu,173.21812,-41.32808
Ngawhatu,173.22825,-41.3338
Ngawhatu,173.22585,-41.33854
Ngawhatu,173.22987,-41.32402
Ngawhatu,173.22031,-41.32261
Ngawhatu,173.23845,-41.33937
Ngawhatu,173.21679,-41.32723
Ngawhatu,173.2309,-41.33457
Ngawhatu,173.22537,-41.33586
Ngawhatu,173.21136,-41.32826
Ngawhatu,173.23252,-41.33313
Ngawhatu,173.23079,-41.34628
Ngawhatu,173.23449,-41.33764
Ngawhatu,173.23573,-41.34121
Ngawhatu,173.21802,-41.33832
Ngawhatu,173.21231,-41.33285
Ngawhatu,173.22947,-41.33431
Ngawhatu,173.22711,-41.32335
Ngawhatu,173.23063,-41.3228
Ngawhatu,173.23238,-41.34606
Ngawhatu,173.23409,-41.335
Ngawhatu,173.23048,-41.33559
Ngawhatu,173.2194,-41.35055
Ngawhatu,173.22736,-41.34525
Ngawhatu,173.22756,-41.3242
Ngawhatu,173.22617,-41.34113
Ngawhatu,173.23609,-41.33235
Ngawhatu,173.22871,-41.33587
Ngawhatu,173.21695,-41.33153
Ngawhatu,173.22743,-41.33126
Ngawhatu,173.21403,-41.32929
Ngawhatu,173.21744,-41.32839
Ngawhatu,173.22903,-41.34411
Ngawhatu,173.23005,-41.33009
Ngawhatu,173.20743,-41.33571
Ngawhatu,173.2219,-41.33714
Ngawhatu,173.22428,-41.3351
Ngawhatu,173.21108,-41.33545
Ngawhatu,173.23337,-41.34037
Ngawhatu,173.23391,-41.34331
Ngawhatu,173.23094,-41.33534
Ngawhatu,173.21226,-41.3306
Ngawhatu,173.22113,-41.34535
Ngawhatu,173.22781,-41.33156
Ngawhatu,173.22497,-41.34172
Ngawhatu,173.21389,-41.33666
Ngawhatu,173.22315,-41.33067
Ngawhatu,173.20602,-41.33238
Ngawhatu,173.21307,-41.33806
Ngawhatu,173.23486,-41.33134
Ngawhatu,173.23458,-41.34382
Ngawhatu,173.22332,-41.33425
Ngawhatu,173.23724,-41.34028
Ngawhatu,173.2165,-41.33751
Ngawhatu,173.22114,-41.3313
Ngawhatu,173.23798,-41.33876
Ngawhatu,173.21581,-41.3355
Port Nelson,173.28005,-41.26101
Port Nelson,173.27806,-41.26378
Port Nelson,173.28,-41.26158
Port Nelson,173.27766,-41.25944
Port Nelson,173.277,-41.26416
Port Nelson,173.27814,-41.26568
Port Nelson,173.28285,-41.26304
Port Nelson,173.27664,-41.26623
Port Nelson,173.27441,-41.26309
Port Nelson,173.26657,-41.26433
Port Nelson,173.27846,-41.26615
Port Nelson,173.28417,-41.25456
Port Nelson,173.27521,-41.26482
Port Nelson,173.27759,-41.26166
Port Nelson,173.27781,-41.26414
Port Nelson,173.27783,-41.26709
Port Nelson,173.28296,-41.26358
Port Nelson,173.28484,-41.26144
Port Nelson,173.28247,-41.26502
Port Nelson,173.28275,-41.25805
Port Nelson,173.28338,-41.2627
Port Nelson,173.28176,-41.26286
Port Nelson,173.27938,-41.26336
Port Nelson,173.27955,-41.25962
Port Nelson,173.27875,-41.26609
Port Nelson,173.27052,-41.26189
Port Nelson,173.28001,-41.25745
Port Nelson,173.28584,-41.26394
Port Nelson,173.27974,-41.26591
Port Nelson,173.2803,-41.26448
Port Nelson,173.27897,-41.25721
Port Nelson,173.2705,-41.26107
Port Nelson,173.2821,-41.26282
Port Nelson,173.27778,-41.25529
Port Nelson,173.28309,-41.25493
Port Nelson,173.27789,-41.26374
Port Nelson,173.27785,-41.26685
Port Nelson,173.27636,-41.26046
Port Nelson,173.27988,-41.25761
Port Nelson,173.27832,-41.2623
Port Nelson,173.27431,-41.26153
Port Nelson,173.28,-41.26113
Port Nelson,173.27127,-41.26108
Port Nelson,173.26674,-41.26577
Port Nelson,173.28328,-41.2634
Port Nelson,173.2758,-41.26177
Port Nelson,173.26701,-41.26488
Port Nelson,173.28417,-41.26422
Port Nelson,173.27778,-41.26196
Port Nelson,173.27122,-41.2618
Port Nelson,173.27942,-41.26364
Port Nelson,173.27899,-41.26603
Port Nelson,173.28005,-41.25612
Port Nelson,173.27244,-41.26408
Port Nelson,173.27542,-41.26194
Port Nelson,173.27765,-41.26194
Port Nelson,173.28038,-41.25933
Port Nelson,173.27702,-41.26441
Port Nelson,173.27659,-41.2667
Port Nelson,173.2792,-41.26486
Port Nelson,173.28381,-41.25982
Port Nelson,173.27452,-41.26255
Port Nelson,173.28412,-41.25727
Port Nelson,173.27688,-41.26075
Port Nelson,173.27206,-41.26272
Port Nelson,173.27905,-41.25662
Port Nelson,173.28025,-41.25655
Port Nelson,173.2853,-41.26289
Port Nelson,173.28289,-41.26455
Port Nelson,173.28754,-41.26313
Port Nelson,173.28094,-41.26555
Port Nelson,173.28373,-41.25701
Port Nelson,173.27891,-41.26356
Port Nelson,173.28451,-41.26163
Port Nelson,173.27365,-41.26454
Port Nelson,173.27757,-41.26529
Port Nelson,173.27471,-41.2646
Port Nelson,173.27991,-41.26546
Port Nelson,173.27987,-41.26116
Port Nelson,173.28027,-41.26305
Port Nelson,173.28714,-41.26344
Port Nelson,173.27152,-41.26196
Port Nelson,173.28475,-41.2626
Port Nelson,173.26848,-41.26275
Port Nelson,173.27927,-41.25654
Port Nelson,173.28388,-41.26227
Port Nelson,173.27081,-41.26241
Port Nelson,173.27876,-41.25615
Port Nelson,173.26688,-41.26509
Port Nelson,173.28365,-41.25547
Port Nelson,173.28298,-41.25694
Port Nelson,173.28275,-41.26287
Port Nelson,173.27574,-41.25938
Port Nelson,173.28431,-41.25474
Port Nelson,173.27475,-41.26526
Port Nelson,173.27673,-41.25877
Port Nelson,173.27476,-41.25977
Port Nelson,173.28312,-41.26189
Port Nelson,173.27641,-41.25996
Port Nelson,173.26899,-41.26281
Saxton,173.21514,-41.32201
Saxton,173.20095,-41.33137
Saxton,173.2169,-41.3101
Saxton,173.21615,-41.32115
Saxton,173.21583,-41.3192
Saxton,173.22285,-41.3181
Saxton,173.21562,-41.31256
Saxton,173.22114,-41.31797
Saxton,173.21494,-41.32096
Saxton,173.22208,-41.31803
Saxton,173.2161,-41.32351
Saxton,173.20238,-41.33171
Saxton,173.21083,-41.32411
Saxton,173.20837,-41.32829
Saxton,173.21963,-41.31213
Saxton,173.21919,-41.30999
Saxton,173.21485,-41.31641
Saxton,173.22097,-41.32117
Saxton,173.21411,-41.32472
Saxton,173.2164,-41.32477
Saxton,173.21753,-41.32176
Saxton,173.2174,-41.31112
Saxton,173.20062,-41.33085
Saxton,173.21926,-41.31265
Saxton,173.21714,-41.31428
Saxton,173.22116,-41.31449
Saxton,173.2176,-41.32259
Saxton,173.2121,-41.32269
Saxton,173.2179,-41.31783
Saxton,173.22288,-41.31757
Saxton,173.21169,-41.31983
Saxton,173.22008,-41.32069
Saxton,173.2119,-41.32276
Saxton,173.20602,-41.32964
Saxton,173.21883,-41.31249
Saxton,173.21735,-41.31755
Saxton,173.21939,-41.31193
Saxton,173.21078,-41.32029
Saxton,173.21683,-41.31103
Saxton,173.21303,-41.32546
Saxton,173.2209,-41.3198
Saxton,173.20228,-41.33262
Saxton,173.21525,-41.31285
Saxton,173.21974,-41.30902
Saxton,173.21982,-41.31569
Saxton,173.21852,-41.3172
Saxton,173.2244,-41.31828
Saxton,173.22439,-41.31255
Saxton,173.21153,-41.31952
Saxton,173.20659,-41.33024
Saxton,173.217,-41.31622
Saxton,173.21293,-41.32065
Saxton,173.22147,-41.31768
Saxton,173.21792,-41.31325
Saxton,173.22371,-41.31198
Saxton,173.22467,-41.31263
Saxton,173.22556,-41.31089
Saxton,173.21528,-41.32481
Saxton,173.21735,-41.3176
Saxton,173.21612,-41.32109
Saxton,173.21629,-41.32381
Saxton,173.21468,-41.31879
Saxton,173.21906,-41.30914
Saxton,173.22027,-41.3111
Saxton,173.22123,-41.31477
Saxton,173.20465,-41.33122
Saxton,173.21669,-41.31068
Saxton,173.21445,-41.31561
Saxton,173.21347,-41.32125
Saxton,173.2216,-41.31944
Saxton,173.21863,-41.32013
Saxton,173.2123,-41.32644
Saxton,173.20037,-41.33165
Saxton,173.22115,-41.31522
Saxton,173.21858,-41.31686
Saxton,173.21138,-41.3219
Saxton,173.21635,-41.3177
Saxton,173.21394,-41.32479
Saxton,173.22208,-41.31816
Saxton,173.2158,-41.31239
Saxton,173.21468,-41.32339
Saxton,173.21885,-41.3096
Saxton,173.21496,-41.31495
Saxton,173.21507,-41.3221
Saxton,173.21409,-41.31674
Saxton,173.216,-41.31976
Saxton,173.22139,-41.31785
Saxton,173.22105,-41.32125
Saxton,173.21211,-41.31702
Saxton,173.213,-41.32438
Saxton,173.21247,-41.32717
Saxton,173.21301,-41.32564
Saxton,173.214,-41.3184
Saxton,173.21758,-41.3126
Saxton,173.21234,-41.31836
Saxton,173.21593,-41.31521
Saxton,173.21754,-41.32014
Saxton,173.22416,-41.31073
Saxton,173.2124,-41.3261
Saxton,173.2194,-41.31031
Saxton Island,173.202,-41.30171
Saxton Island,173.19098,-41.30889
Saxton Island,173.19079,-41.30574
Saxton Island,173.19053,-41.30872
Saxton Island,173.20165,-41.30172
Saxton Island,173.19118,-41.30939
Saxton Island,173.20073,-41.3016
Saxton Island,173.2005,-41.3021
Saxton Island,173.19104,-41.30595
Saxton Island,173.19255,-41.30637
Saxton Island,173.20001,-41.30141
Saxton Island,173.20094,-41.3025
Saxton Island,173.19143,-41.30661
Saxton Island,173.1916,-41.30833
Saxton Island,173.20081,-41.30206
Saxton Island,173.19074,-41.30504
Saxton Island,173.19128,-41.30842
Saxton Island,173.19252,-41.3066
Saxton Island,173.20023,-41.30195
Saxton Island,173.20102,-41.30066
Saxton Island,173.20094,-41.30052
Saxton Island,173.20062,-41.30213
Saxton Island,173.19013,-41.30504
Saxton Island,173.19113,-41.30628
Saxton Island,173.19104,-41.3058
Saxton Island,173.20056,-41.30238
Saxton Island,173.19963,-41.30152
Saxton Island,173.20097,-41.3027
Saxton Island,173.18978,-41.30499
Saxton Island,173.20212,-41.30142
Saxton Island,173.20239,-41.30153
Saxton Island,173.19209,-41.30625
Saxton Island,173.20116,-41.30055
Saxton Island,173.20045,-41.3015
Saxton Island,173.19011,-41.30758
Saxton Island,173.19248,-41.30604
Saxton Island,173.20091,-41.30243
Saxton Island,173.18986,-41.30533
Saxton Island,173.19005,-41.30671
Saxton Island,173.19982,-41.30083
Saxton Island,173.20073,-41.30166
Saxton Island,173.19059,-41.30839
Saxton Island,173.19004,-41.30715
Saxton Island,173.19151,-41.30847
Saxton Island,173.20034,-41.30226
Saxton Island,173.19096,-41.3052
Saxton Island,173.19223,-41.30617
Saxton Island,173.20051,-41.30132
Saxton Island,173.20043,-41.30249
Saxton Island,173.19973,-41.30174
Saxton Island,173.20115,-41.30145
Saxton Island,173.19175,-41.30845
Saxton Island,173.19052,-41.30859
Saxton Island,173.18984,-41.30499
Saxton Island,173.20098,-41.30183
Saxton Island,173.191,-41.30771
Saxton Island,173.20005,-41.30077
Saxton Island,173.19015,-41.30667
Saxton Island,173.18988,-41.30643
Saxton Island,173.19058,-41.30922
Saxton Island,173.19144,-41.30832
Saxton Island,173.19105,-41.30566
Saxton Island,173.19244,-41.30603
Saxton Island,173.20102,-41.30089
Saxton Island,173.1897,-41.30556
Saxton Island,173.19156,-41.30656
Saxton Island,173.19032,-41.30694
Saxton Island,173.19223,-41.30688
Saxton Island,173.20116,-41.30039
Saxton Island,173.1918,-41.30942
Saxton Island,173.19004,-41.30659
Saxton Island,173.18985,-41.30502
Saxton Island,173.19135,-41.3097
Saxton Island,173.1918,-41.30853
Saxton Island,173.19058,-41.3084
Saxton Island,173.20188,-41.30161
Saxton Island,173.19076,-41.30753
Saxton Island,173.19007,-41.306
Saxton Island,173.18979,-41.30579
Saxton Island,173.20068,-41.30091
Saxton Island,173.19172,-41.30575
Saxton Island,173.20074,-41.30243
Saxton Island,173.19128,-41.30637
Saxton Island,173.1914,-41.30609
Saxton Island,173.19078,-41.30847
Saxton Island,173.19005,-41.30671
Saxton Island,173.20126,-41.30158
Saxton Island,173.19063,-41.30926
Saxton Island,173.19071,-41.30799
Saxton Island,173.1914,-41.30979
Saxton Island,173.20068,-41.30117
Saxton Island,173.20123,-41.30159
Saxton Island,173.20072,-41.30053
Saxton Island,173.20133,-41.3006
Saxton Island,173.19106,-41.30829
Saxton Island,173.20133,-41.30054
Saxton Island,173.20121,-41.30102
Saxton Island,173.19269,-41.30648
Saxton Island,173.19237,-41.3066
Saxton Island,173.19056,-41.30934
Tahuna Hills,173.25603,-41.27979
Tahuna Hills,173.25289,-41.28529
Tahuna Hills,173.25072,-41.28557
Tahuna Hills,173.25611,-41.2773
Tahuna Hills,173.25059,-41.29999
Tahuna Hills,173.25946,-41.27622
Tahuna Hills,173.25536,-41.29915
Tahuna Hills,173.25916,-41.27768
Tahuna Hills,173.25546,-41.28185
Tahuna Hills,173.24904,-41.2975
Tahuna Hills,173.24821,-41.29432
Tahuna Hills,173.25022,-41.29517
Tahuna Hills,173.24949,-41.28606
Tahuna Hills,173.25122,-41.29952
Tahuna Hills,173.25702,-41.29794
Tahuna Hills,173.24937,-41.2952
Tahuna Hills,173.25257,-41.29408
Tahuna Hills,173.24786,-41.28949
Tahuna Hills,173.25,-41.29718
Tahuna Hills,173.25439,-41.29906
Tahuna Hills,173.24853,-41.28792
Tahuna Hills,173.24679,-41.29429
Tahuna Hills,173.2579,-41.27602
Tahuna Hills,173.25576,-41.29467
Tahuna Hills,173.24824,-41.29354
Tahuna Hills,173.25218,-41.29443
Tahuna Hills,173.25613,-41.27691
Tahuna Hills,173.24947,-41.29522
Tahuna Hills,173.24815,-41.28854
Tahuna Hills,173.25462,-41.28143
Tahuna Hills,173.25904,-41.27595
Tahuna Hills,173.25518,-41.29507
Tahuna Hills,173.24769,-41.29368
Tahuna Hills,173.25409,-41.28787
Tahuna Hills,173.25336,-41.28497
Tahuna Hills,173.25176,-41.28095
Tahuna Hills,173.24953,-41.2832
Tahuna Hills,173.25658,-41.27518
Tahuna Hills,173.25693,-41.29807
Tahuna Hills,173.25306,-41.29053
Tahuna Hills,173.25027,-41.28577
Tahuna Hills,173.25024,-41.28881
Tahuna Hills,173.25142,-41.28465
Tahuna Hills,173.2559,-41.27623
Tahuna Hills,173.25346,-41.29942
Tahuna Hills,173.25225,-41.28716
Tahuna Hills,173.25185,-41.28148
Tahuna Hills,173.25027,-41.2995
Tahuna Hills,173.24825,-41.29787
Tahuna Hills,173.24934,-41.2891
Tahuna Hills,173.25551,-41.29859
Tahuna Hills,173.24818,-41.29475
Tahuna Hills,173.25301,-41.29895
Tahuna Hills,173.25362,-41.29607
Tahuna Hills,173.25087,-41.29585
Tahuna Hills,173.24991,-41.29238
Tahuna Hills,173.25356,-41.28489
Tahuna Hills,173.25369,-41.291
Tahuna Hills,173.25042,-41.30041
Tahuna Hills,173.25257,-41.28968
Tahuna Hills,173.25098,-41.29052
Tahuna Hills,173.25685,-41.27528
Tahuna Hills,173.25689,-41.29686
Tahuna Hills,173.25419,-41.29037
Tahuna Hills,173.24547,-41.29669
Tahuna Hills,173.25185,-41.29468
Tahuna Hills,173.2507,-41.29781
Tahuna Hills,173.2521,-41.29886
Tahuna Hills,173.25492,-41.27761
Tahuna Hills,173.24798,-41.2939
Tahuna Hills,173.25339,-41.28043
Tahuna Hills,173.2558,-41.29622
Tahuna Hills,173.25283,-41.29045
Tahuna Hills,173.24884,-41.28873
Tahuna Hills,173.25675,-41.28084
Tahuna Hills,173.25797,-41.27661
Tahuna Hills,173.25167,-41.284
Tahuna Hills,173.25098,-41.28931
Tahuna Hills,173.25264,-41.30062
Tahuna Hills,173.25139,-41.30187
Tahuna Hills,173.25632,-41.28146
Tahuna Hills,173.24857,-41.29352
Tahuna Hills,173.25904,-41.27762
Tahuna Hills,173.25073,-41.29154
Tahuna Hills,173.24884,-41.28533
Tahuna Hills,173.24873,-41.29244
Tahuna Hills,173.25065,-41.28718
Tahuna Hills,173.25386,-41.2856
Tahuna Hills,173.25795,-41.29946
Tahuna Hills,173.25639,-41.28129
Tahuna Hills,173.25041,-41.29289
Tahuna Hills,173.25311,-41.29555
Tahuna Hills,173.25092,-41.29219
Tahuna Hills,173.25182,-41.29053
Tahuna Hills,173.2572,-41.29874
Tahuna Hills,173.25676,-41.29464
Tahuna Hills,173.24997,-41.30093
Tahuna Hills,173.24958,-41.29768
Tahuna Hills,173.25394,-41.29101
Tahuna Hills,173.25434,-41.27836
Tahunanui,173.23747,-41.28769
Tahunanui,173.23201,-41.28579
Tahunanui,173.24224,-41.28358
Tahunanui,173.24934,-41.28025
Tahunanui,173.23276,-41.28028
Tahunanui,173.2427,-41.28371
Tahunanui,173.2458,-41.28347
Tahunanui,173.24039,-41.2884
Tahunanui,173.23273,-41.2809
Tahunanui,173.23549,-41.28526
Tahunanui,173.23885,-41.28108
Tahunanui,173.2324,-41.28593
Tahunanui,173.24636,-41.28407
Tahunanui,173.23912,-41.28691
Tahunanui,173.23525,-41.27984
Tahunanui,173.23884,-41.28121
Tahunanui,173.24036,-41.28471
Tahunanui,173.23714,-41.28684
Tahunanui,173.24746,-41.28608
Tahunanui,173.24048,-41.28667
Tahunanui,173.24578,-41.28568
Tahunanui,173.24523,-41.28197
Tahunanui,173.24224,-41.28714
Tahunanui,173.23562,-41.27865
Tahunanui,173.24575,-41.28556
Tahunanui,173.23174,-41.28102
Tahunanui,173.23565,-41.28175
Tahunanui,173.24654,-41.28353
Tahunanui,173.23959,-41.28747
Tahunanui,173.24515,-41.2846
Tahunanui,173.24547,-41.28482
Tahunanui,173.24863,-41.28146
Tahunanui,173.24344,-41.28401
Tahunanui,173.23374,-41.28376
Tahunanui,173.24241,-41.28286
Tahunanui,173.24265,-41.27943
Tahunanui,173.23143,-41.28312
Tahunanui,173.24509,-41.27957
Tahunanui,173.24628,-41.28302
Tahunanui,173.24233,-41.28308
Tahunanui,173.23522,-41.28464
Tahunanui,173.23209,-41.27913
Tahunanui,173.24437,-41.28877
Tahunanui,173.24713,-41.28464
Tahunanui,173.24731,-41.28397
Tahunanui,173.24645,-41.28143
Tahunanui,173.23329,-41.28113
Tahunanui,173.23636,-41.28129
Tahunanui,173.2457,-41.28025
Tahunanui,173.24875,-41.28268
Tahunanui,173.24566,-41.28291
Tahunanui,173.2512,-41.2793
Tahunanui,173.24628,-41.28799
Tahunanui,173.2419,-41.28817
Tahunanui,173.24532,-41.28717
Tahunanui,173.23638,-41.28425
Tahunanui,173.23737,-41.28515
Tahunanui,173.2333,-41.28114
Tahunanui,173.23916,-41.28317
Tahunanui,173.23589,-41.28493
Tahunanui,173.24615,-41.28165
Tahunanui,173.23943,-41.28328
Tahunanui,173.23795,-41.28801
Tahunanui,173.23946,-41.28331
Tahunanui,173.24197,-41.27998
Tahunanui,173.2478,-41.28177
Tahunanui,173.23709,-41.28419
Tahunanui,173.24495,-41.28444
Tahunanui,173.23902,-41.28461
Tahunanui,173.24963,-41.28013
Tahunanui,173.24158,-41.28773
Tahunanui,173.2403,-41.28901
Tahunanui,173.24703,-41.28499
Tahunanui,173.23185,-41.2794
Tahunanui,173.2367,-41.28654
Tahunanui,173.23555,-41.2844
Tahunanui,173.23025,-41.28464
Tahunanui,173.24735,-41.28334
Tahunanui,173.23162,-41.28247
Tahunanui,173.24473,-41.28704
Tahunanui,173.24578,-41.29188
Tahunanui,173.24553,-41.28846
Tahunanui,173.23423,-41.28503
Tahunanui,173.24051,-41.28641
Tahunanui,173.23196,-41.28347
Tahunanui,173.23739,-41.27948
Tahunanui,173.23382,-41.2847
Tahunanui,173.24625,-41.28289
Tahunanui,173.23423,-41.27851
Tahunanui,173.24543,-41.28598
Tahunanui,173.24296,-41.28883
Tahunanui,173.23514,-41.28626
Tahunanui,173.23903,-41.28072
Tahunanui,173.23522,-41.28021
Tahunanui,173.24589,-41.28775
Tahunanui,173.2394,-41.28646
Tahunanui,173.25088,-41.27892
Tahunanui,173.24582,-41.28198
Tahunanui,173.24727,-41.28332
Tahunanui,173.23512,-41.28159
The Brook,173.28617,-41.29962
The Brook,173.27795,-41.30909
The Brook,173.28622,-41.31477
The Brook,173.28644,-41.30023
The Brook,173.27775,-41.30012
The Brook,173.27824,-41.29916
The Brook,173.27738,-41.29898
The Brook,173.29651,-41.31423
The Brook,173.28534,-41.31048
The Brook,173.28984,-41.30531
The Brook,173.28352,-41.30246
The Brook,173.29924,-41.29403
The Brook,173.30245,-41.29703
The Brook,173.28793,-41.28577
The Brook,173.29024,-41.29013
The Brook,173.30433,-41.29603
The Brook,173.28971,-41.30536
The Brook,173.27613,-41.31093
The Brook,173.30324,-41.29579
The Brook,173.28985,-41.28586
The Brook,173.28627,-41.28921
The Brook,173.27962,-41.29669
The Brook,173.29456,-41.3048
The Brook,173.28625,-41.30651
The Brook,173.30248,-41.29656
The Brook,173.30193,-41.30158
The Brook,173.2797,-41.29758
The Brook,173.29074,-41.31414
The Brook,173.28663,-41.28451
The Brook,173.28867,-41.30215
The Brook,173.29312,-41.29379
The Brook,173.2924,-41.2987
The Brook,173.28042,-41.29621
The Brook,173.2829,-41.30547
The Brook,173.2852,-41.31043
The Brook,173.27822,-41.31166
The Brook,173.28371,-41.31054
The Brook,173.29471,-41.30182
The Brook,173.29492,-41.29411
The Brook,173.28919,-41.28279
The Brook,173.29299,-41.31676
The Brook,173.29966,-41.29782
The Brook,173.28418,-41.31054
The Brook,173.30403,-41.29842
The Brook,173.29602,-41.3096
The Brook,173.29498,-41.3124
The Brook,173.30522,-41.30127
The Brook,173.29443,-41.30786
The Brook,173.29091,-41.28069
The Brook,173.29908,-41.30679
The Brook,173.29626,-41.31476
The Brook,173.29301,-41.31598
The Brook,173.28667,-41.29096
The Brook,173.29457,-41.29678
The Brook,173.28998,-41.30874
The Brook,173.28722,-41.29712
The Brook,173.28759,-41.29505
The Brook,173.28415,-41.31208
The Brook,173.30603,-41.29472
The Brook,173.29136,-41.30699
The Brook,173.30467,-41.29443
The Brook,173.29922,-41.30507
The Brook,173.2951,-41.3066
The Brook,173.29185,-41.298
The Brook,173.28647,-41.30639
The Brook,173.29299,-41.30734
The Brook,173.29469,-41.29484
The Brook,173.28634,-41.30818
The Brook,173.27999,-41.3008
The Brook,173.28246,-41.30218
The Brook,173.29969,-41.29026
The Brook,173.29033,-41.30605
The Brook,173.28805,-41.29783
The Brook,173.30614,-41.29459
The Brook,173.30013,-41.30012
The Brook,173.29798,-41.29372
The Brook,173.28223,-41.3017
The Brook,173.29382,-41.29898
The Brook,173.27697,-41.29934
The Brook,173.29599,-41.29853
The Brook,173.30244,-41.30411
The Brook,173.29159,-41.30478
The Brook,173.28165,-41.30818
The Brook,173.28879,-41.30139
The Brook,173.29811,-41.29241
The Brook,173.28917,-41.29168
The Brook,173.28915,-41.28132
The Brook,173.27583,-41.29974
The Brook,173.29686,-41.30708
The Brook,173.28216,-41.31341
The Brook,173.29969,-41.30438
The Brook,173.2905,-41.28111
The Brook,173.29475,-41.31074
The Brook,173.28809,-41.30764
The Brook,173.2911,-41.3016
The Brook,173.29258,-41.29962
The Brook,173.29994,-41.29612
The Brook,173.29156,-41.2939
The Brook,173.27795,-41.30857
The Brook,173.28783,-41.30804
The Wood,173.28393,-41.26794
The Wood,173.29292,-41.26434
The Wood,173.29156,-41.27229
The Wood,173.296,-41.26624
The Wood,173.29486,-41.27239
The Wood,173.29577,-41.26846
The Wood,173.28952,-41.26701
The Wood,173.29487,-41.2652
The Wood,173.29237,-41.27155
The Wood,173.29322,-41.26357
The Wood,173.29571,-41.27107
The Wood,173.29766,-41.26336
The Wood,173.29589,-41.26294
The Wood,173.29022,-41.26324
The Wood,173.29379,-41.26314
The Wood,173.29858,-41.26562
The Wood,173.29194,-41.26627
The Wood,173.29426,-41.26401
The Wood,173.29861,-41.26423
The Wood,173.29646,-41.26606
The Wood,173.29503,-41.26813
The Wood,173.2881,-41.26993
The Wood,173.28747,-41.2652
The Wood,173.28524,-41.26488
The Wood,173.28667,-41.26677
The Wood,173.29739,-41.27198
The Wood,173.28864,-41.26537
The Wood,173.2969,-41.2648
The Wood,173.28507,-41.26733
The Wood,173.28322,-41.26926
The Wood,173.28814,-41.26633
The Wood,173.29284,-41.26447
The Wood,173.29448,-41.26282
The Wood,173.29223,-41.2634
The Wood,173.29019,-41.26565
The Wood,173.28674,-41.26934
The Wood,173.29229,-41.26683
The Wood,173.28917,-41.26554
The Wood,173.29448,-41.26768
The Wood,173.29715,-41.27048
The Wood,173.29699,-41.26533
The Wood,173.29181,-41.26266
The Wood,173.29491,-41.27229
The Wood,173.29481,-41.27048
The Wood,173.29683,-41.26169
The Wood,173.29241,-41.26832
The Wood,173.29118,-41.2663
The Wood,173.2972,-41.26172
The Wood,173.29833,-41.27089
The Wood,173.29134,-41.26688
The Wood,173.29454,-41.26591
The Wood,173.29673,-41.26848
The Wood,173.29418,-41.26504
The Wood,173.29815,-41.26464
The Wood,173.28589,-41.26814
The Wood,173.29497,-41.26734
The Wood,173.29884,-41.26521
The Wood,173.2945,-41.27277
The Wood,173.28188,-41.26752
The Wood,173.28393,-41.26738
The Wood,173.29729,-41.26555
The Wood,173.29632,-41.26849
The Wood,173.28202,-41.26561
The Wood,173.2862,-41.26707
The Wood,173.2942,-41.26395
The Wood,173.28789,-41.26884
The Wood,173.29679,-41.26848
The Wood,173.28858,-41.26687
The Wood,173.28896,-41.26872
The Wood,173.28941,-41.26916
The Wood,173.29484,-41.26853
The Wood,173.29977,-41.26509
The Wood,173.2858,-41.2691
The Wood,173.29291,-41.26673
The Wood,173.29718,-41.26753
The Wood,173.29656,-41.26258
The Wood,173.29895,-41.26504
The Wood,173.29665,-41.26714
The Wood,173.29087,-41.26406
The Wood,173.28676,-41.26645
The Wood,173.29726,-41.26475
The Wood,173.28928,-41.26628
The Wood,173.2871,-41.26952
The Wood,173.28974,-41.26882
The Wood,173.28312,-41.26519
The Wood,173.29572,-41.27235
The Wood,173.29712,-41.26063
The Wood,173.29312,-41.26598
The Wood,173.29189,-41.26837
The Wood,173.29386,-41.26822
The Wood,173.29109,-41.26303
The Wood,173.29682,-41.26525
The Wood,173.29494,-41.26374
The Wood,173.29113,-41.27141
The Wood,173.29229,-41.26767
The Wood,173.29225,-41.27075
The Wood,173.29423,-41.26285
The Wood,173.29493,-41.26704
The Wood,173.2945,-41.26669
The Wood,173.29392,-41.27277
Toi Toi,173.26066,-41.29458
Toi Toi,173.26039,-41.28499
Toi Toi,173.26398,-41.28684
Toi Toi,173.2637,-41.28374
Toi Toi,173.26442,-41.2824
Toi Toi,173.26162,-41.28973
Toi Toi,173.26354,-41.28182
Toi Toi,173.26188,-41.28417
Toi Toi,173.25908,-41.2895
Toi Toi,173.26164,-41.28456
Toi Toi,173.26723,-41.28265
Toi Toi,173.25655,-41.28939
Toi Toi,173.26265,-41.2959
Toi Toi,173.25786,-41.29006
Toi Toi,173.25892,-41.28019
Toi Toi,173.26268,-41.2899
Toi Toi,173.26051,-41.29772
Toi Toi,173.26476,-41.29105
Toi Toi,173.25783,-41.2857
Toi Toi,173.25626,-41.29194
Toi Toi,173.26081,-41.28886
Toi Toi,173.26418,-41.28312
Toi Toi,173.26492,-41.28922
Toi Toi,173.25667,-41.29269
Toi Toi,173.25715,-41.28505
Toi Toi,173.25947,-41.29268
Toi Toi,173.25584,-41.28519
Toi Toi,173.25919,-41.29302
Toi Toi,173.25833,-41.28992
Toi Toi,173.25885,-41.28449
Toi Toi,173.26246,-41.29178
Toi Toi,173.25793,-41.28287
Toi Toi,173.26796,-41.28226
Toi Toi,173.26147,-41.28944
Toi Toi,173.26148,-41.29484
Toi Toi,173.25881,-41.29272
Toi Toi,173.26131,-41.29848
Toi Toi,173.25873,-41.2838
Toi Toi,173.25968,-41.28935
Toi Toi,173.25963,-41.28789
Toi Toi,173.26076,-41.28556
Toi Toi,173.26113,-41.29622
Toi Toi,173.2608,-41.28563
Toi Toi,173.25822,-41.2831
Toi Toi,173.26203,-41.2924
Toi Toi,173.25684,-41.29047
Toi Toi,173.25958,-41.28665
Toi Toi,173.26124,-41.29249
Toi Toi,173.25738,-41.28535
Toi Toi,173.26556,-41.2848
Toi Toi,173.26641,-41.28336
Toi Toi,173.26445,-41.28067
Toi Toi,173.26101,-41.28521
Toi Toi,173.2588,-41.28683
Toi Toi,173.26061,-41.28938
Toi Toi,173.25751,-41.29306
Toi Toi,173.26529,-41.29091
Toi Toi,173.26075,-41.28026
Toi Toi,173.2567,-41.29242
Toi Toi,173.25805,-41.28707
Toi Toi,173.26805,-41.28277
Toi Toi,173.26442,-41.28527
Toi Toi,173.25901,-41.27928
Toi Toi,173.25762,-41.29661
Toi Toi,173.26039,-41.29904
Toi Toi,173.2599,-41.28577
Toi Toi,173.25706,-41.28259
Toi Toi,173.26482,-41.28769
Toi Toi,173.25808,-41.28674
Toi Toi,173.26453,-41.28993
Toi Toi,173.25913,-41.29285
Toi Toi,173.26304,-41.29478
Toi Toi,173.25961,-41.29598
Toi Toi,173.26139,-41.28256
Toi Toi,173.25981,-41.29608
Toi Toi,173.26098,-41.27975
Toi Toi,173.26227,-41.28317
Toi Toi,173.257,-41.28619
Toi Toi,173.26353,-41.29034
Toi Toi,173.2641,-41.28651
Toi Toi,173.25748,-41.29523
Toi Toi,173.26507,-41.28005
Toi Toi,173.26014,-41.28933
Toi Toi,173.26192,-41.28132
Toi Toi,173.25795,-41.29508
Toi Toi,173.25758,-41.28307
Toi Toi,173.25749,-41.29617
Toi Toi,173.26181,-41.28086
Toi Toi,173.25978,-41.28652
Toi Toi,173.26133,-41.29806
Toi Toi,173.25909,-41.28157
Toi Toi,173.26466,-41.28502
Toi Toi,173.26156,-41.29591
Toi Toi,173.26306,-41.27971
Toi Toi,173.26417,-41.29563
Toi Toi,173.26497,-41.29071
Toi Toi,173.25487,-41.29186
Toi Toi,173.26003,-41.29223
Toi Toi,173.26282,-41.29188
Toi Toi,173.25989,-41.28557
Trafalgar,173.28495,-41.2705
Trafalgar,173.28529,-41.271
Trafalgar,173.28338,-41.27563
Trafalgar,173.2862,-41.27452
Trafalgar,173.28018,-41.27212
Trafalgar,173.28231,-41.27394
Trafalgar,173.28441,-41.27308
Trafalgar,173.28085,-41.27463
Trafalgar,173.28453,-41.27414
Trafalgar,173.28591,-41.27446
Trafalgar,173.28269,-41.27205
Trafalgar,173.28856,-41.27187
Trafalgar,173.28641,-41.27319
Trafalgar,173.28121,-41.27471
Trafalgar,173.28527,-41.27185
Trafalgar,173.29071,-41.275
Trafalgar,173.28913,-41.27316
Trafalgar,173.28324,-41.27679
Trafalgar,173.28298,-41.27083
Trafalgar,173.28238,-41.27419
Trafalgar,173.28763,-41.27624
Trafalgar,173.28911,-41.27498
Trafalgar,173.28362,-41.27508
Trafalgar,173.27741,-41.27403
Trafalgar,173.28718,-41.27493
Trafalgar,173.28495,-41.27327
Trafalgar,173.28735,-41.27133
Trafalgar,173.28344,-41.27217
Trafalgar,173.28104,-41.26966
Trafalgar,173.28747,-41.27306
Trafalgar,173.27993,-41.27236
Trafalgar,173.28335,-41.2756
Trafalgar,173.27946,-41.2689
Trafalgar,173.27828,-41.2747
Trafalgar,173.28383,-41.27576
Trafalgar,173.29109,-41.2734
Trafalgar,173.28405,-41.27628
Trafalgar,173.28019,-41.27241
Trafalgar,173.27693,-41.27366
Trafalgar,173.2846,-41.27193
Trafalgar,173.29099,-41.27514
Trafalgar,173.27972,-41.27456
Trafalgar,173.28857,-41.27253
Trafalgar,173.28134,-41.26731
Trafalgar,173.28804,-41.27427
Trafalgar,173.28238,-41.27523
Trafalgar,173.28088,-41.27765
Trafalgar,173.28937,-41.27439
Trafalgar,173.28112,-41.26876
Trafalgar,173.28214,-41.27566
Trafalgar,173.29107,-41.27321
Trafalgar,173.27986,-41.26821
Trafalgar,173.28225,-41.27482
Trafalgar,173.28668,-41.27516
Trafalgar,173.28268,-41.26995
Trafalgar,173.2861,-41.27161
Trafalgar,173.27843,-41.27147
Trafalgar,173.27852,-41.27227
Trafalgar,173.28622,-41.26976
Trafalgar,173.27982,-41.27292
Trafalgar,173.2894,-41.27635
Trafalgar,173.28588,-41.27417
Trafalgar,173.28209,-41.27081
Trafalgar,173.28306,-41.27635
Trafalgar,173.28332,-41.26963
Trafalgar,173.28106,-41.27239
Trafalgar,173.28443,-41.27568
Trafalgar,173.28091,-41.27476
Trafalgar,173.28379,-41.27466
Trafalgar,173.28131,-41.27303
Trafalgar,173.28769,-41.27295
Trafalgar,173.28934,-41.27474
Trafalgar,173.28709,-41.27174
Trafalgar,173.28108,-41.26869
Trafalgar,173.28249,-41.27058
Trafalgar,173.2873,-41.27083
Trafalgar,173.28275,-41.27388
Trafalgar,173.28772,-41.2717
Trafalgar,173.2839,-41.27318
Trafalgar,173.28112,-41.26827
Trafalgar,173.28187,-41.27328
Trafalgar,173.29151,-41.27246
Trafalgar,173.28624,-41.27
Trafalgar,173.28575,-41.27252
Trafalgar,173.28613,-41.27207
Trafalgar,173.28503,-41.27259
Trafalgar,173.27763,-41.27379
Trafalgar,173.27936,-41.27147
Trafalgar,173.28713,-41.27004
Trafalgar,173.2901,-41.27212
Trafalgar,173.28322,-41.27795
Trafalgar,173.28031,-41.27293
Trafalgar,173.28246,-41.27181
Trafalgar,173.28486,-41.2722
Trafalgar,173.27765,-41.27387
Trafalgar,173.29069,-41.27407
Trafalgar,173.2813,-41.27707
Trafalgar,173.28672,-41.27547
Trafalgar,173.28121,-41.26653
Trafalgar,173.28629,-41.27202
Washington,173.26526,-41.27215
Washington,173.27654,-41.26989
Washington,173.27405,-41.27147
Washington,173.27201,-41.27026
Washington,173.27627,-41.27311
Washington,173.26543,-41.2724
Washington,173.26735,-41.27814
Washington,173.27053,-41.27772
Washington,173.26753,-41.27479
Washington,173.27202,-41.27464
Washington,173.27498,-41.27325
Washington,173.27457,-41.26979
Washington,173.27108,-41.27165
Washington,173.27172,-41.27861
Washington,173.27128,-41.27117
Washington,173.26549,-41.2764
Washington,173.27178,-41.27208
Washington,173.27008,-41.27901
Washington,173.26882,-41.27876
Washington,173.27299,-41.27386
Washington,173.26653,-41.27829
Washington,173.26546,-41.27385
Washington,173.27276,-41.27622
Washington,173.26816,-41.27558
Washington,173.26209,-41.27528
Washington,173.26267,-41.27689
Washington,173.27394,-41.26954
Washington,173.27782,-41.27102
Washington,173.26803,-41.27125
Washington,173.27593,-41.27008
Washington,173.2682,-41.27152
Washington,173.27581,-41.27209
Washington,173.27477,-41.27083
Washington,173.26248,-41.27568
Washington,173.26954,-41.2688
Washington,173.27465,-41.27285
Washington,173.26751,-41.27856
Washington,173.27276,-41.27707
Washington,173.26793,-41.27681
Washington,173.26442,-41.27522
Washington,173.26522,-41.27188
Washington,173.26408,-41.27507
Washington,173.26858,-41.27955
Washington,173.26662,-41.27282
Washington,173.26901,-41.27552
Washington,173.27232,-41.27469
Washington,173.2672,-41.27768
Washington,173.27041,-41.27351
Washington,173.26097,-41.27629
Washington,173.26835,-41.27314
Washington,173.26358,-41.27362
Washington,173.26354,-41.27425
Washington,173.26992,-41.27938
Washington,173.27368,-41.2724
Washington,173.27368,-41.27329
Washington,173.2682,-41.27033
Washington,173.27185,-41.27586
Washington,173.26919,-41.27296
Washington,173.26645,-41.26995
Washington,173.2695,-41.27209
Washington,173.26895,-41.27491
Washington,173.27143,-41.27699
Washington,173.2706,-41.27203
Washington,173.26712,-41.2774
Washington,173.27508,-41.27008
Washington,173.2665,-41.27805
Washington,173.26892,-41.28011
Washington,173.26826,-41.27482
Washington,173.27022,-41.27126
Washington,173.27428,-41.27043
Washington,173.26938,-41.27635
Washington,173.27233,-41.27675
Washington,173.26306,-41.27373
Washington,173.27648,-41.27175
Washington,173.2664,-41.27867
Washington,173.269,-41.27248
Washington,173.27468,-41.26957
Washington,173.27426,-41.27127
Washington,173.27359,-41.27314
Washington,173.27162,-41.2739
Washington,173.2699,-41.27561
Washington,173.27147,-41.26898
Washington,173.27051,-41.27479
Washington,173.26715,-41.27751
Washington,173.27125,-41.27711
Washington,173.2697,-41.27663
Washington,173.26687,-41.27061
Washington,173.27522,-41.27436
Washington,173.27164,-41.26979
Washington,173.26533,-41.27791
Washington,173.27393,-41.27582
Washington,173.27678,-41.27058
Washington,173.2693,-41.28044
Washington,173.27195,-41.27742
Washington,173.27554,-41.27233
Washington,173.26467,-41.27652
Washington,173.27169,-41.2784
Washington,173.26516,-41.27123
Washington,173.26518,-41.27586
Washington,173.2675,-41.27834
Whangamoa,173.45497,-41.20667
Whangamoa,173.37932,-41.24811
Whangamoa,173.40062,-41.2285
Whangamoa,173.46132,-41.18471
Whangamoa,173.53071,-41.11647
Whangamoa,173.41473,-41.20271
Whangamoa,173.34449,-41.32736
Whangamoa,173.48595,-41.18017
Whangamoa,173.43496,-41.22797
Whangamoa,173.28759,-41.34685
Whangamoa,173.3893,-41.28304
Whangamoa,173.29955,-41.32674
Whangamoa,173.46302,-41.21676
Whangamoa,173.3561,-41.3253
Whangamoa,173.37048,-41.21795
Whangamoa,173.35087,-41.30131
Whangamoa,173.22592,-41.3534
Whangamoa,173.37143,-41.26437
Whangamoa,173.34145,-41.24973
Whangamoa,173.33222,-41.35307
Whangamoa,173.47557,-41.21796
Whangamoa,173.49865,-41.19443
Whangamoa,173.46932,-41.19753
Whangamoa,173.46933,-41.18388
Whangamoa,173.36111,-41.34783
Whangamoa,173.30025,-41.36473
Whangamoa,173.24535,-41.34473
Whangamoa,173.39211,-41.2813
Whangamoa,173.39819,-41.19765
Whangamoa,173.55682,-41.18151
Whangamoa,173.56609,-41.1637
Whangamoa,173.25836,-41.35293
Whangamoa,173.56314,-41.15425
Whangamoa,173.42003,-41.28125
Whangamoa,173.23198,-41.34799
Whangamoa,173.38285,-41.28014
Whangamoa,173.30709,-41.38505
Whangamoa,173.41556,-41.29355
Whangamoa,173.58005,-41.10769
Whangamoa,173.36396,-41.23882
Whangamoa,173.27968,-41.37303
Whangamoa,173.4542,-41.23745
Whangamoa,173.33595,-41.38274
Whangamoa,173.37982,-41.21916
Whangamoa,173.57457,-41.13542
Whangamoa,173.42755,-41.1616
Whangamoa,173.46535,-41.18611
Whangamoa,173.29662,-41.38779
Whangamoa,173.37217,-41.27509
Whangamoa,173.42623,-41.21043
Whangamoa,173.49523,-41.19387
Whangamoa,173.35765,-41.32252
Whangamoa,173.50927,-41.18386
Whangamoa,173.39973,-41.30907
Whangamoa,173.55646,-41.16848
Whangamoa,173.36667,-41.23679
Whangamoa,173.48768,-41.21488
Whangamoa,173.5867,-41.11047
Whangamoa,173.26274,-41.34298
Whangamoa,173.2563,-41.37123
Whangamoa,173.37862,-41.25356
Whangamoa,173.45752,-41.22326
Whangamoa,173.36721,-41.30018
Whangamoa,173.31388,-41.38021
Whangamoa,173.32163,-41.32254
Whangamoa,173.54852,-41.16356
Whangamoa,173.55479,-41.12085
Whangamoa,173.52066,-41.13029
Whangamoa,173.24248,-41.35969
Whangamoa,173.36384,-41.26989
Whangamoa,173.51793,-41.10721
Whangamoa,173.39786,-41.29727
Whangamoa,173.32507,-41.35597
Whangamoa,173.28768,-41.37102
Whangamoa,173.32862,-41.31954
Whangamoa,173.40592,-41.17841
Whangamoa,173.28857,-41.34403
Whangamoa,173.58922,-41.09386
Whangamoa,173.45433,-41.1907
Whangamoa,173.35513,-41.35361
Whangamoa,173.55758,-41.15375
Whangamoa,173.58529,-41.11029
Whangamoa,173.28228,-41.34256
Whangamoa,173.32019,-41.37736
Whangamoa,173.39228,-41.29865
Whangamoa,173.35867,-41.27327
Whangamoa,173.56947,-41.11208
Whangamoa,173.45739,-41.21792
Whangamoa,173.28735,-41.36657
Whangamoa,173.42449,-41.2198
Whangamoa,173.38652,-41.24564
Whangamoa,173.37659,-41.29978
Whangamoa,173.36979,-41.27829
Whangamoa,173.34651,-41.30816
Whangamoa,173.40181,-41.23739
Whangamoa,173.41769,-41.23309
Whangamoa,173.36249,-41.25849
Whangamoa,173.42543,-41.22805
Whangamoa,173.39056,-41.31284
Whangamoa,173.26179,-41.3755
